Borough,Category,Month,Forecast,Naive_Seasonal,Ensemble_Forecast
Barking and Dagenham,ARSON AND CRIMINAL DAMAGE,2026-08,134,136,135.0
Barking and Dagenham,BURGLARY,2026-08,67,65,66.0
Barking and Dagenham,DRUG OFFENCES,2026-08,99,142,125.0
Barking and Dagenham,MISCELLANEOUS CRIMES AGAINST SOCIETY,2026-08,36,22,28.0
Barking and Dagenham,POSSESSION OF WEAPONS,2026-08,15,16,16.0
Barking and Dagenham,PUBLIC ORDER OFFENCES,2026-08,127,107,115.0
Barking and Dagenham,ROBBERY,2026-08,66,53,58.0
Barking and Dagenham,SEXUAL OFFENCES,2026-08,96,78,85.0
Barking and Dagenham,THEFT,2026-08,258,269,265.0
Barking and Dagenham,VEHICLE OFFENCES,2026-08,159,149,153.0
Barking and Dagenham,VIOLENCE AGAINST THE PERSON,2026-08,716,598,645.0
Barnet,ARSON AND CRIMINAL DAMAGE,2026-08,153,173,165.0
Barnet,BURGLARY,2026-08,195,188,191.0
Barnet,DRUG OFFENCES,2026-08,79,176,137.0
Barnet,MISCELLANEOUS CRIMES AGAINST SOCIETY,2026-08,44,30,36.0
Barnet,POSSESSION OF WEAPONS,2026-08,17,14,15.0
Barnet,PUBLIC ORDER OFFENCES,2026-08,190,138,159.0
Barnet,ROBBERY,2026-08,75,62,67.0
Barnet,SEXUAL OFFENCES,2026-08,69,73,71.0
Barnet,THEFT,2026-08,643,554,590.0
Barnet,VEHICLE OFFENCES,2026-08,331,325,327.0
Barnet,VIOLENCE AGAINST THE PERSON,2026-08,718,581,636.0
Bexley,ARSON AND CRIMINAL DAMAGE,2026-08,126,145,137.0
Bexley,BURGLARY,2026-08,55,59,57.0
Bexley,DRUG OFFENCES,2026-08,39,59,51.0
Bexley,MISCELLANEOUS CRIMES AGAINST SOCIETY,2026-08,16,23,20.0
Bexley,POSSESSION OF WEAPONS,2026-08,16,9,12.0
Bexley,PUBLIC ORDER OFFENCES,2026-08,129,83,101.0
Bexley,ROBBERY,2026-08,67,33,47.0
Bexley,SEXUAL OFFENCES,2026-08,37,66,54.0
Bexley,THEFT,2026-08,286,245,261.0
Bexley,VEHICLE OFFENCES,2026-08,132,141,137.0
Bexley,VIOLENCE AGAINST THE PERSON,2026-08,536,455,487.0
Brent,ARSON AND CRIMINAL DAMAGE,2026-08,165,156,160.0
Brent,BURGLARY,2026-08,138,129,133.0
Brent,DRUG OFFENCES,2026-08,217,292,262.0
Brent,MISCELLANEOUS CRIMES AGAINST SOCIETY,2026-08,64,42,51.0
Brent,POSSESSION OF WEAPONS,2026-08,33,28,30.0
Brent,PUBLIC ORDER OFFENCES,2026-08,159,186,175.0
Brent,ROBBERY,2026-08,83,122,106.0
Brent,SEXUAL OFFENCES,2026-08,86,74,79.0
Brent,THEFT,2026-08,720,793,764.0
Brent,VEHICLE OFFENCES,2026-08,237,263,253.0
Brent,VIOLENCE AGAINST THE PERSON,2026-08,931,861,889.0
Bromley,ARSON AND CRIMINAL DAMAGE,2026-08,209,227,220.0
Bromley,BURGLARY,2026-08,92,71,79.0
Bromley,DRUG OFFENCES,2026-08,126,107,115.0
Bromley,MISCELLANEOUS CRIMES AGAINST SOCIETY,2026-08,35,37,36.0
Bromley,POSSESSION OF WEAPONS,2026-08,14,17,16.0
Bromley,PUBLIC ORDER OFFENCES,2026-08,192,172,180.0
Bromley,ROBBERY,2026-08,45,57,52.0
Bromley,SEXUAL OFFENCES,2026-08,60,61,61.0
Bromley,THEFT,2026-08,577,491,525.0
Bromley,VEHICLE OFFENCES,2026-08,294,323,311.0
Bromley,VIOLENCE AGAINST THE PERSON,2026-08,553,512,528.0
Camden,ARSON AND CRIMINAL DAMAGE,2026-08,119,150,138.0
Camden,BURGLARY,2026-08,183,200,193.0
Camden,DRUG OFFENCES,2026-08,96,116,108.0
Camden,MISCELLANEOUS CRIMES AGAINST SOCIETY,2026-08,36,18,25.0
Camden,POSSESSION OF WEAPONS,2026-08,24,16,19.0
Camden,PUBLIC ORDER OFFENCES,2026-08,224,175,195.0
Camden,ROBBERY,2026-08,137,136,136.0
Camden,SEXUAL OFFENCES,2026-08,89,74,80.0
Camden,THEFT,2026-08,1446,1655,1571.0
Camden,VEHICLE OFFENCES,2026-08,228,264,250.0
Camden,VIOLENCE AGAINST THE PERSON,2026-08,668,629,645.0
Croydon,ARSON AND CRIMINAL DAMAGE,2026-08,253,248,250.0
Croydon,BURGLARY,2026-08,124,156,143.0
Croydon,DRUG OFFENCES,2026-08,209,164,182.0
Croydon,MISCELLANEOUS CRIMES AGAINST SOCIETY,2026-08,48,45,46.0
Croydon,POSSESSION OF WEAPONS,2026-08,36,24,29.0
Croydon,PUBLIC ORDER OFFENCES,2026-08,200,193,196.0
Croydon,ROBBERY,2026-08,65,89,79.0
Croydon,SEXUAL OFFENCES,2026-08,116,120,118.0
Croydon,THEFT,2026-08,777,609,676.0
Croydon,VEHICLE OFFENCES,2026-08,400,325,355.0
Croydon,VIOLENCE AGAINST THE PERSON,2026-08,1036,947,983.0
Ealing,ARSON AND CRIMINAL DAMAGE,2026-08,199,174,184.0
Ealing,BURGLARY,2026-08,138,136,137.0
Ealing,DRUG OFFENCES,2026-08,61,162,122.0
Ealing,MISCELLANEOUS CRIMES AGAINST SOCIETY,2026-08,47,40,43.0
Ealing,POSSESSION OF WEAPONS,2026-08,25,13,18.0
Ealing,PUBLIC ORDER OFFENCES,2026-08,254,206,225.0
Ealing,ROBBERY,2026-08,84,74,78.0
Ealing,SEXUAL OFFENCES,2026-08,89,77,82.0
Ealing,THEFT,2026-08,641,569,598.0
Ealing,VEHICLE OFFENCES,2026-08,329,365,351.0
Ealing,VIOLENCE AGAINST THE PERSON,2026-08,897,877,885.0
Enfield,ARSON AND CRIMINAL DAMAGE,2026-08,175,152,161.0
Enfield,BURGLARY,2026-08,149,159,155.0
Enfield,DRUG OFFENCES,2026-08,136,170,156.0
Enfield,MISCELLANEOUS CRIMES AGAINST SOCIETY,2026-08,43,45,44.0
Enfield,POSSESSION OF WEAPONS,2026-08,30,22,25.0
Enfield,PUBLIC ORDER OFFENCES,2026-08,150,126,136.0
Enfield,ROBBERY,2026-08,94,79,85.0
Enfield,SEXUAL OFFENCES,2026-08,90,85,87.0
Enfield,THEFT,2026-08,628,533,571.0
Enfield,VEHICLE OFFENCES,2026-08,336,256,288.0
Enfield,VIOLENCE AGAINST THE PERSON,2026-08,698,618,650.0
Greenwich,ARSON AND CRIMINAL DAMAGE,2026-08,179,201,192.0
Greenwich,BURGLARY,2026-08,126,132,130.0
Greenwich,DRUG OFFENCES,2026-08,112,146,132.0
Greenwich,MISCELLANEOUS CRIMES AGAINST SOCIETY,2026-08,42,29,34.0
Greenwich,POSSESSION OF WEAPONS,2026-08,24,16,19.0
Greenwich,PUBLIC ORDER OFFENCES,2026-08,171,184,179.0
Greenwich,ROBBERY,2026-08,111,90,98.0
Greenwich,SEXUAL OFFENCES,2026-08,81,83,82.0
Greenwich,THEFT,2026-08,556,565,561.0
Greenwich,VEHICLE OFFENCES,2026-08,244,228,234.0
Greenwich,VIOLENCE AGAINST THE PERSON,2026-08,885,788,827.0
Hackney,ARSON AND CRIMINAL DAMAGE,2026-08,144,157,152.0
Hackney,BURGLARY,2026-08,153,171,164.0
Hackney,DRUG OFFENCES,2026-08,167,192,182.0
Hackney,MISCELLANEOUS CRIMES AGAINST SOCIETY,2026-08,33,29,31.0
Hackney,POSSESSION OF WEAPONS,2026-08,31,36,34.0
Hackney,PUBLIC ORDER OFFENCES,2026-08,235,192,209.0
Hackney,ROBBERY,2026-08,93,145,124.0
Hackney,SEXUAL OFFENCES,2026-08,77,84,81.0
Hackney,THEFT,2026-08,1151,1027,1077.0
Hackney,VEHICLE OFFENCES,2026-08,126,160,146.0
Hackney,VIOLENCE AGAINST THE PERSON,2026-08,763,731,744.0
Hammersmith and Fulham,ARSON AND CRIMINAL DAMAGE,2026-08,112,114,113.0
Hammersmith and Fulham,BURGLARY,2026-08,111,108,109.0
Hammersmith and Fulham,DRUG OFFENCES,2026-08,92,100,97.0
Hammersmith and Fulham,MISCELLANEOUS CRIMES AGAINST SOCIETY,2026-08,35,26,30.0
Hammersmith and Fulham,POSSESSION OF WEAPONS,2026-08,17,14,15.0
Hammersmith and Fulham,PUBLIC ORDER OFFENCES,2026-08,164,148,154.0
Hammersmith and Fulham,ROBBERY,2026-08,49,54,52.0
Hammersmith and Fulham,SEXUAL OFFENCES,2026-08,66,68,67.0
Hammersmith and Fulham,THEFT,2026-08,578,540,555.0
Hammersmith and Fulham,VEHICLE OFFENCES,2026-08,126,141,135.0
Hammersmith and Fulham,VIOLENCE AGAINST THE PERSON,2026-08,525,502,511.0
Haringey,ARSON AND CRIMINAL DAMAGE,2026-08,139,166,155.0
Haringey,BURGLARY,2026-08,115,145,133.0
Haringey,DRUG OFFENCES,2026-08,75,165,129.0
Haringey,MISCELLANEOUS CRIMES AGAINST SOCIETY,2026-08,35,37,36.0
Haringey,POSSESSION OF WEAPONS,2026-08,19,24,22.0
Haringey,PUBLIC ORDER OFFENCES,2026-08,169,131,146.0
Haringey,ROBBERY,2026-08,98,106,103.0
Haringey,SEXUAL OFFENCES,2026-08,81,71,75.0
Haringey,THEFT,2026-08,716,761,743.0
Haringey,VEHICLE OFFENCES,2026-08,194,317,268.0
Haringey,VIOLENCE AGAINST THE PERSON,2026-08,754,651,692.0
Harrow,ARSON AND CRIMINAL DAMAGE,2026-08,97,93,95.0
Harrow,BURGLARY,2026-08,85,81,83.0
Harrow,DRUG OFFENCES,2026-08,69,60,64.0
Harrow,MISCELLANEOUS CRIMES AGAINST SOCIETY,2026-08,19,16,17.0
Harrow,POSSESSION OF WEAPONS,2026-08,5,8,7.0
Harrow,PUBLIC ORDER OFFENCES,2026-08,92,75,82.0
Harrow,ROBBERY,2026-08,65,47,54.0
Harrow,SEXUAL OFFENCES,2026-08,48,43,45.0
Harrow,THEFT,2026-08,417,397,405.0
Harrow,VEHICLE OFFENCES,2026-08,162,165,164.0
Harrow,VIOLENCE AGAINST THE PERSON,2026-08,461,413,432.0
Havering,ARSON AND CRIMINAL DAMAGE,2026-08,164,120,138.0
Havering,BURGLARY,2026-08,75,85,81.0
Havering,DRUG OFFENCES,2026-08,84,129,111.0
Havering,MISCELLANEOUS CRIMES AGAINST SOCIETY,2026-08,44,34,38.0
Havering,POSSESSION OF WEAPONS,2026-08,18,9,13.0
Havering,PUBLIC ORDER OFFENCES,2026-08,126,133,130.0
Havering,ROBBERY,2026-08,31,54,45.0
Havering,SEXUAL OFFENCES,2026-08,53,57,55.0
Havering,THEFT,2026-08,383,369,375.0
Havering,VEHICLE OFFENCES,2026-08,208,162,180.0
Havering,VIOLENCE AGAINST THE PERSON,2026-08,587,523,549.0
Hillingdon,ARSON AND CRIMINAL DAMAGE,2026-08,208,171,186.0
Hillingdon,BURGLARY,2026-08,114,105,109.0
Hillingdon,DRUG OFFENCES,2026-08,95,111,105.0
Hillingdon,MISCELLANEOUS CRIMES AGAINST SOCIETY,2026-08,240,215,225.0
Hillingdon,POSSESSION OF WEAPONS,2026-08,23,11,16.0
Hillingdon,PUBLIC ORDER OFFENCES,2026-08,204,187,194.0
Hillingdon,ROBBERY,2026-08,84,70,76.0
Hillingdon,SEXUAL OFFENCES,2026-08,81,79,80.0
Hillingdon,THEFT,2026-08,747,700,719.0
Hillingdon,VEHICLE OFFENCES,2026-08,266,334,307.0
Hillingdon,VIOLENCE AGAINST THE PERSON,2026-08,797,701,739.0
Hounslow,ARSON AND CRIMINAL DAMAGE,2026-08,170,175,173.0
Hounslow,BURGLARY,2026-08,103,124,116.0
Hounslow,DRUG OFFENCES,2026-08,84,114,102.0
Hounslow,MISCELLANEOUS CRIMES AGAINST SOCIETY,2026-08,40,23,30.0
Hounslow,POSSESSION OF WEAPONS,2026-08,18,14,16.0
Hounslow,PUBLIC ORDER OFFENCES,2026-08,180,183,182.0
Hounslow,ROBBERY,2026-08,58,62,60.0
Hounslow,SEXUAL OFFENCES,2026-08,55,65,61.0
Hounslow,THEFT,2026-08,587,609,600.0
Hounslow,VEHICLE OFFENCES,2026-08,193,218,208.0
Hounslow,VIOLENCE AGAINST THE PERSON,2026-08,829,724,766.0
Islington,ARSON AND CRIMINAL DAMAGE,2026-08,140,126,132.0
Islington,BURGLARY,2026-08,129,111,118.0
Islington,DRUG OFFENCES,2026-08,108,151,134.0
Islington,MISCELLANEOUS CRIMES AGAINST SOCIETY,2026-08,24,23,23.0
Islington,POSSESSION OF WEAPONS,2026-08,22,22,22.0
Islington,PUBLIC ORDER OFFENCES,2026-08,223,187,201.0
Islington,ROBBERY,2026-08,126,108,115.0
Islington,SEXUAL OFFENCES,2026-08,88,58,70.0
Islington,THEFT,2026-08,1175,971,1053.0
Islington,VEHICLE OFFENCES,2026-08,139,161,152.0
Islington,VIOLENCE AGAINST THE PERSON,2026-08,681,592,628.0
Kensington and Chelsea,ARSON AND CRIMINAL DAMAGE,2026-08,121,110,114.0
Kensington and Chelsea,BURGLARY,2026-08,82,84,83.0
Kensington and Chelsea,DRUG OFFENCES,2026-08,402,434,421.0
Kensington and Chelsea,MISCELLANEOUS CRIMES AGAINST SOCIETY,2026-08,27,17,21.0
Kensington and Chelsea,POSSESSION OF WEAPONS,2026-08,39,43,41.0
Kensington and Chelsea,PUBLIC ORDER OFFENCES,2026-08,142,163,155.0
Kensington and Chelsea,ROBBERY,2026-08,53,60,57.0
Kensington and Chelsea,SEXUAL OFFENCES,2026-08,64,76,71.0
Kensington and Chelsea,THEFT,2026-08,871,987,941.0
Kensington and Chelsea,VEHICLE OFFENCES,2026-08,127,208,176.0
Kensington and Chelsea,VIOLENCE AGAINST THE PERSON,2026-08,501,501,501.0
Kingston upon Thames,ARSON AND CRIMINAL DAMAGE,2026-08,80,65,71.0
Kingston upon Thames,BURGLARY,2026-08,19,34,28.0
Kingston upon Thames,DRUG OFFENCES,2026-08,30,45,39.0
Kingston upon Thames,MISCELLANEOUS CRIMES AGAINST SOCIETY,2026-08,19,16,17.0
Kingston upon Thames,POSSESSION OF WEAPONS,2026-08,6,7,7.0
Kingston upon Thames,PUBLIC ORDER OFFENCES,2026-08,82,77,79.0
Kingston upon Thames,ROBBERY,2026-08,20,22,21.0
Kingston upon Thames,SEXUAL OFFENCES,2026-08,32,39,36.0
Kingston upon Thames,THEFT,2026-08,273,263,267.0
Kingston upon Thames,VEHICLE OFFENCES,2026-08,102,99,100.0
Kingston upon Thames,VIOLENCE AGAINST THE PERSON,2026-08,306,266,282.0
Lambeth,ARSON AND CRIMINAL DAMAGE,2026-08,171,171,171.0
Lambeth,BURGLARY,2026-08,149,148,148.0
Lambeth,DRUG OFFENCES,2026-08,115,143,132.0
Lambeth,MISCELLANEOUS CRIMES AGAINST SOCIETY,2026-08,41,31,35.0
Lambeth,POSSESSION OF WEAPONS,2026-08,39,21,28.0
Lambeth,PUBLIC ORDER OFFENCES,2026-08,224,211,216.0
Lambeth,ROBBERY,2026-08,188,139,159.0
Lambeth,SEXUAL OFFENCES,2026-08,114,111,112.0
Lambeth,THEFT,2026-08,1392,1227,1293.0
Lambeth,VEHICLE OFFENCES,2026-08,237,226,230.0
Lambeth,VIOLENCE AGAINST THE PERSON,2026-08,885,821,847.0
Lewisham,ARSON AND CRIMINAL DAMAGE,2026-08,161,170,166.0
Lewisham,BURGLARY,2026-08,151,131,139.0
Lewisham,DRUG OFFENCES,2026-08,158,164,162.0
Lewisham,MISCELLANEOUS CRIMES AGAINST SOCIETY,2026-08,37,34,35.0
Lewisham,POSSESSION OF WEAPONS,2026-08,41,31,35.0
Lewisham,PUBLIC ORDER OFFENCES,2026-08,224,188,202.0
Lewisham,ROBBERY,2026-08,86,71,77.0
Lewisham,SEXUAL OFFENCES,2026-08,101,81,89.0
Lewisham,THEFT,2026-08,666,547,595.0
Lewisham,VEHICLE OFFENCES,2026-08,214,241,230.0
Lewisham,VIOLENCE AGAINST THE PERSON,2026-08,918,793,843.0
Merton,ARSON AND CRIMINAL DAMAGE,2026-08,81,111,99.0
Merton,BURGLARY,2026-08,61,55,57.0
Merton,DRUG OFFENCES,2026-08,37,46,42.0
Merton,MISCELLANEOUS CRIMES AGAINST SOCIETY,2026-08,21,18,19.0
Merton,POSSESSION OF WEAPONS,2026-08,1,10,6.0
Merton,PUBLIC ORDER OFFENCES,2026-08,73,77,75.0
Merton,ROBBERY,2026-08,25,24,24.0
Merton,SEXUAL OFFENCES,2026-08,43,49,47.0
Merton,THEFT,2026-08,294,268,278.0
Merton,VEHICLE OFFENCES,2026-08,97,101,99.0
Merton,VIOLENCE AGAINST THE PERSON,2026-08,408,349,373.0
Newham,ARSON AND CRIMINAL DAMAGE,2026-08,189,187,188.0
Newham,BURGLARY,2026-08,210,139,167.0
Newham,DRUG OFFENCES,2026-08,198,190,193.0
Newham,MISCELLANEOUS CRIMES AGAINST SOCIETY,2026-08,55,48,51.0
Newham,POSSESSION OF WEAPONS,2026-08,54,32,41.0
Newham,PUBLIC ORDER OFFENCES,2026-08,220,203,210.0
Newham,ROBBERY,2026-08,142,137,139.0
Newham,SEXUAL OFFENCES,2026-08,93,102,98.0
Newham,THEFT,2026-08,1011,1048,1033.0
Newham,VEHICLE OFFENCES,2026-08,441,335,377.0
Newham,VIOLENCE AGAINST THE PERSON,2026-08,973,841,894.0
Redbridge,ARSON AND CRIMINAL DAMAGE,2026-08,130,126,128.0
Redbridge,BURGLARY,2026-08,108,95,100.0
Redbridge,DRUG OFFENCES,2026-08,89,95,93.0
Redbridge,MISCELLANEOUS CRIMES AGAINST SOCIETY,2026-08,28,20,23.0
Redbridge,POSSESSION OF WEAPONS,2026-08,10,15,13.0
Redbridge,PUBLIC ORDER OFFENCES,2026-08,154,133,141.0
Redbridge,ROBBERY,2026-08,57,71,65.0
Redbridge,SEXUAL OFFENCES,2026-08,48,58,54.0
Redbridge,THEFT,2026-08,489,470,478.0
Redbridge,VEHICLE OFFENCES,2026-08,220,231,227.0
Redbridge,VIOLENCE AGAINST THE PERSON,2026-08,773,731,748.0
Richmond upon Thames,ARSON AND CRIMINAL DAMAGE,2026-08,78,93,87.0
Richmond upon Thames,BURGLARY,2026-08,42,72,60.0
Richmond upon Thames,DRUG OFFENCES,2026-08,17,47,35.0
Richmond upon Thames,MISCELLANEOUS CRIMES AGAINST SOCIETY,2026-08,17,17,17.0
Richmond upon Thames,POSSESSION OF WEAPONS,2026-08,0,4,2.0
Richmond upon Thames,PUBLIC ORDER OFFENCES,2026-08,57,70,65.0
Richmond upon Thames,ROBBERY,2026-08,11,19,16.0
Richmond upon Thames,SEXUAL OFFENCES,2026-08,30,21,25.0
Richmond upon Thames,THEFT,2026-08,250,222,233.0
Richmond upon Thames,VEHICLE OFFENCES,2026-08,121,112,116.0
Richmond upon Thames,VIOLENCE AGAINST THE PERSON,2026-08,304,241,266.0
Southwark,ARSON AND CRIMINAL DAMAGE,2026-08,176,182,180.0
Southwark,BURGLARY,2026-08,190,219,207.0
Southwark,DRUG OFFENCES,2026-08,135,147,142.0
Southwark,MISCELLANEOUS CRIMES AGAINST SOCIETY,2026-08,30,27,28.0
Southwark,POSSESSION OF WEAPONS,2026-08,41,32,36.0
Southwark,PUBLIC ORDER OFFENCES,2026-08,210,173,188.0
Southwark,ROBBERY,2026-08,191,143,162.0
Southwark,SEXUAL OFFENCES,2026-08,87,103,97.0
Southwark,THEFT,2026-08,1661,1318,1455.0
Southwark,VEHICLE OFFENCES,2026-08,217,224,221.0
Southwark,VIOLENCE AGAINST THE PERSON,2026-08,843,829,835.0
Sutton,ARSON AND CRIMINAL DAMAGE,2026-08,116,76,92.0
Sutton,BURGLARY,2026-08,72,83,79.0
Sutton,DRUG OFFENCES,2026-08,45,61,55.0
Sutton,MISCELLANEOUS CRIMES AGAINST SOCIETY,2026-08,16,11,13.0
Sutton,POSSESSION OF WEAPONS,2026-08,5,8,7.0
Sutton,PUBLIC ORDER OFFENCES,2026-08,104,81,90.0
Sutton,ROBBERY,2026-08,27,23,25.0
Sutton,SEXUAL OFFENCES,2026-08,45,29,35.0
Sutton,THEFT,2026-08,243,224,232.0
Sutton,VEHICLE OFFENCES,2026-08,114,96,103.0
Sutton,VIOLENCE AGAINST THE PERSON,2026-08,401,341,365.0
Tower Hamlets,ARSON AND CRIMINAL DAMAGE,2026-08,191,178,183.0
Tower Hamlets,BURGLARY,2026-08,237,199,214.0
Tower Hamlets,DRUG OFFENCES,2026-08,433,177,279.0
Tower Hamlets,MISCELLANEOUS CRIMES AGAINST SOCIETY,2026-08,44,35,39.0
Tower Hamlets,POSSESSION OF WEAPONS,2026-08,40,31,35.0
Tower Hamlets,PUBLIC ORDER OFFENCES,2026-08,255,247,250.0
Tower Hamlets,ROBBERY,2026-08,135,136,136.0
Tower Hamlets,SEXUAL OFFENCES,2026-08,91,93,92.0
Tower Hamlets,THEFT,2026-08,1164,1016,1075.0
Tower Hamlets,VEHICLE OFFENCES,2026-08,221,219,220.0
Tower Hamlets,VIOLENCE AGAINST THE PERSON,2026-08,1048,904,962.0
Waltham Forest,ARSON AND CRIMINAL DAMAGE,2026-08,127,119,122.0
Waltham Forest,BURGLARY,2026-08,129,102,113.0
Waltham Forest,DRUG OFFENCES,2026-08,97,130,117.0
Waltham Forest,MISCELLANEOUS CRIMES AGAINST SOCIETY,2026-08,28,20,23.0
Waltham Forest,POSSESSION OF WEAPONS,2026-08,18,6,11.0
Waltham Forest,PUBLIC ORDER OFFENCES,2026-08,123,95,106.0
Waltham Forest,ROBBERY,2026-08,62,77,71.0
Waltham Forest,SEXUAL OFFENCES,2026-08,67,53,59.0
Waltham Forest,THEFT,2026-08,456,528,499.0
Waltham Forest,VEHICLE OFFENCES,2026-08,210,209,209.0
Waltham Forest,VIOLENCE AGAINST THE PERSON,2026-08,617,479,534.0
Wandsworth,ARSON AND CRIMINAL DAMAGE,2026-08,153,154,154.0
Wandsworth,BURGLARY,2026-08,166,182,176.0
Wandsworth,DRUG OFFENCES,2026-08,121,141,133.0
Wandsworth,MISCELLANEOUS CRIMES AGAINST SOCIETY,2026-08,25,27,26.0
Wandsworth,POSSESSION OF WEAPONS,2026-08,30,25,27.0
Wandsworth,PUBLIC ORDER OFFENCES,2026-08,170,162,165.0
Wandsworth,ROBBERY,2026-08,65,73,70.0
Wandsworth,SEXUAL OFFENCES,2026-08,73,75,74.0
Wandsworth,THEFT,2026-08,646,736,700.0
Wandsworth,VEHICLE OFFENCES,2026-08,182,281,241.0
Wandsworth,VIOLENCE AGAINST THE PERSON,2026-08,685,641,659.0
Westminster,ARSON AND CRIMINAL DAMAGE,2026-08,221,230,226.0
Westminster,BURGLARY,2026-08,184,221,206.0
Westminster,DRUG OFFENCES,2026-08,368,434,408.0
Westminster,MISCELLANEOUS CRIMES AGAINST SOCIETY,2026-08,52,43,47.0
Westminster,POSSESSION OF WEAPONS,2026-08,61,38,47.0
Westminster,PUBLIC ORDER OFFENCES,2026-08,372,318,340.0
Westminster,ROBBERY,2026-08,206,309,268.0
Westminster,SEXUAL OFFENCES,2026-08,143,166,157.0
Westminster,THEFT,2026-08,2563,3744,3272.0
Westminster,VEHICLE OFFENCES,2026-08,237,335,296.0
Westminster,VIOLENCE AGAINST THE PERSON,2026-08,1032,981,1001.0
Barking and Dagenham,ARSON AND CRIMINAL DAMAGE,2026-09,104,105,105.0
Barking and Dagenham,BURGLARY,2026-09,72,66,68.0
Barking and Dagenham,DRUG OFFENCES,2026-09,117,117,117.0
Barking and Dagenham,MISCELLANEOUS CRIMES AGAINST SOCIETY,2026-09,36,21,27.0
Barking and Dagenham,POSSESSION OF WEAPONS,2026-09,17,10,13.0
Barking and Dagenham,PUBLIC ORDER OFFENCES,2026-09,138,108,120.0
Barking and Dagenham,ROBBERY,2026-09,86,68,75.0
Barking and Dagenham,SEXUAL OFFENCES,2026-09,89,60,72.0
Barking and Dagenham,THEFT,2026-09,262,252,256.0
Barking and Dagenham,VEHICLE OFFENCES,2026-09,179,185,183.0
Barking and Dagenham,VIOLENCE AGAINST THE PERSON,2026-09,728,654,684.0
Barnet,ARSON AND CRIMINAL DAMAGE,2026-09,164,169,167.0
Barnet,BURGLARY,2026-09,190,152,167.0
Barnet,DRUG OFFENCES,2026-09,105,124,116.0
Barnet,MISCELLANEOUS CRIMES AGAINST SOCIETY,2026-09,58,40,47.0
Barnet,POSSESSION OF WEAPONS,2026-09,17,12,14.0
Barnet,PUBLIC ORDER OFFENCES,2026-09,196,156,172.0
Barnet,ROBBERY,2026-09,65,60,62.0
Barnet,SEXUAL OFFENCES,2026-09,64,61,62.0
Barnet,THEFT,2026-09,670,581,617.0
Barnet,VEHICLE OFFENCES,2026-09,326,352,342.0
Barnet,VIOLENCE AGAINST THE PERSON,2026-09,746,641,683.0
Bexley,ARSON AND CRIMINAL DAMAGE,2026-09,88,116,105.0
Bexley,BURGLARY,2026-09,52,59,56.0
Bexley,DRUG OFFENCES,2026-09,47,74,63.0
Bexley,MISCELLANEOUS CRIMES AGAINST SOCIETY,2026-09,17,20,19.0
Bexley,POSSESSION OF WEAPONS,2026-09,15,11,13.0
Bexley,PUBLIC ORDER OFFENCES,2026-09,132,97,111.0
Bexley,ROBBERY,2026-09,54,33,41.0
Bexley,SEXUAL OFFENCES,2026-09,23,32,28.0
Bexley,THEFT,2026-09,283,279,281.0
Bexley,VEHICLE OFFENCES,2026-09,116,114,115.0
Bexley,VIOLENCE AGAINST THE PERSON,2026-09,532,471,495.0
Brent,ARSON AND CRIMINAL DAMAGE,2026-09,170,167,168.0
Brent,BURGLARY,2026-09,125,134,130.0
Brent,DRUG OFFENCES,2026-09,227,313,279.0
Brent,MISCELLANEOUS CRIMES AGAINST SOCIETY,2026-09,57,32,42.0
Brent,POSSESSION OF WEAPONS,2026-09,29,18,22.0
Brent,PUBLIC ORDER OFFENCES,2026-09,186,199,194.0
Brent,ROBBERY,2026-09,84,100,94.0
Brent,SEXUAL OFFENCES,2026-09,89,68,76.0
Brent,THEFT,2026-09,700,679,687.0
Brent,VEHICLE OFFENCES,2026-09,221,253,240.0
Brent,VIOLENCE AGAINST THE PERSON,2026-09,896,771,821.0
Bromley,ARSON AND CRIMINAL DAMAGE,2026-09,171,192,184.0
Bromley,BURGLARY,2026-09,106,107,107.0
Bromley,DRUG OFFENCES,2026-09,136,113,122.0
Bromley,MISCELLANEOUS CRIMES AGAINST SOCIETY,2026-09,30,23,26.0
Bromley,POSSESSION OF WEAPONS,2026-09,16,21,19.0
Bromley,PUBLIC ORDER OFFENCES,2026-09,151,131,139.0
Bromley,ROBBERY,2026-09,61,56,58.0
Bromley,SEXUAL OFFENCES,2026-09,57,65,62.0
Bromley,THEFT,2026-09,542,477,503.0
Bromley,VEHICLE OFFENCES,2026-09,307,306,306.0
Bromley,VIOLENCE AGAINST THE PERSON,2026-09,543,497,515.0
Camden,ARSON AND CRIMINAL DAMAGE,2026-09,108,150,133.0
Camden,BURGLARY,2026-09,174,204,192.0
Camden,DRUG OFFENCES,2026-09,125,118,121.0
Camden,MISCELLANEOUS CRIMES AGAINST SOCIETY,2026-09,31,15,21.0
Camden,POSSESSION OF WEAPONS,2026-09,27,14,19.0
Camden,PUBLIC ORDER OFFENCES,2026-09,247,217,229.0
Camden,ROBBERY,2026-09,116,129,124.0
Camden,SEXUAL OFFENCES,2026-09,99,97,98.0
Camden,THEFT,2026-09,1420,1616,1538.0
Camden,VEHICLE OFFENCES,2026-09,204,253,233.0
Camden,VIOLENCE AGAINST THE PERSON,2026-09,683,604,636.0
Croydon,ARSON AND CRIMINAL DAMAGE,2026-09,208,206,207.0
Croydon,BURGLARY,2026-09,111,125,119.0
Croydon,DRUG OFFENCES,2026-09,211,174,189.0
Croydon,MISCELLANEOUS CRIMES AGAINST SOCIETY,2026-09,45,39,41.0
Croydon,POSSESSION OF WEAPONS,2026-09,37,25,30.0
Croydon,PUBLIC ORDER OFFENCES,2026-09,159,189,177.0
Croydon,ROBBERY,2026-09,70,97,86.0
Croydon,SEXUAL OFFENCES,2026-09,115,103,108.0
Croydon,THEFT,2026-09,732,590,647.0
Croydon,VEHICLE OFFENCES,2026-09,392,333,357.0
Croydon,VIOLENCE AGAINST THE PERSON,2026-09,947,861,895.0
Ealing,ARSON AND CRIMINAL DAMAGE,2026-09,188,187,187.0
Ealing,BURGLARY,2026-09,150,128,137.0
Ealing,DRUG OFFENCES,2026-09,79,144,118.0
Ealing,MISCELLANEOUS CRIMES AGAINST SOCIETY,2026-09,43,27,33.0
Ealing,POSSESSION OF WEAPONS,2026-09,28,27,27.0
Ealing,PUBLIC ORDER OFFENCES,2026-09,205,142,167.0
Ealing,ROBBERY,2026-09,84,61,70.0
Ealing,SEXUAL OFFENCES,2026-09,81,77,79.0
Ealing,THEFT,2026-09,637,537,577.0
Ealing,VEHICLE OFFENCES,2026-09,347,350,349.0
Ealing,VIOLENCE AGAINST THE PERSON,2026-09,867,820,839.0
Enfield,ARSON AND CRIMINAL DAMAGE,2026-09,168,148,156.0
Enfield,BURGLARY,2026-09,163,168,166.0
Enfield,DRUG OFFENCES,2026-09,179,171,174.0
Enfield,MISCELLANEOUS CRIMES AGAINST SOCIETY,2026-09,34,37,36.0
Enfield,POSSESSION OF WEAPONS,2026-09,36,21,27.0
Enfield,PUBLIC ORDER OFFENCES,2026-09,137,123,129.0
Enfield,ROBBERY,2026-09,111,86,96.0
Enfield,SEXUAL OFFENCES,2026-09,89,89,89.0
Enfield,THEFT,2026-09,636,524,569.0
Enfield,VEHICLE OFFENCES,2026-09,386,361,371.0
Enfield,VIOLENCE AGAINST THE PERSON,2026-09,775,658,705.0
Greenwich,ARSON AND CRIMINAL DAMAGE,2026-09,145,150,148.0
Greenwich,BURGLARY,2026-09,122,107,113.0
Greenwich,DRUG OFFENCES,2026-09,137,170,157.0
Greenwich,MISCELLANEOUS CRIMES AGAINST SOCIETY,2026-09,48,37,41.0
Greenwich,POSSESSION OF WEAPONS,2026-09,32,24,27.0
Greenwich,PUBLIC ORDER OFFENCES,2026-09,165,171,169.0
Greenwich,ROBBERY,2026-09,101,66,80.0
Greenwich,SEXUAL OFFENCES,2026-09,92,90,91.0
Greenwich,THEFT,2026-09,518,505,510.0
Greenwich,VEHICLE OFFENCES,2026-09,216,216,216.0
Greenwich,VIOLENCE AGAINST THE PERSON,2026-09,888,740,799.0
Hackney,ARSON AND CRIMINAL DAMAGE,2026-09,156,143,148.0
Hackney,BURGLARY,2026-09,155,164,160.0
Hackney,DRUG OFFENCES,2026-09,177,181,179.0
Hackney,MISCELLANEOUS CRIMES AGAINST SOCIETY,2026-09,39,34,36.0
Hackney,POSSESSION OF WEAPONS,2026-09,29,29,29.0
Hackney,PUBLIC ORDER OFFENCES,2026-09,237,214,223.0
Hackney,ROBBERY,2026-09,90,125,111.0
Hackney,SEXUAL OFFENCES,2026-09,79,97,90.0
Hackney,THEFT,2026-09,1018,940,971.0
Hackney,VEHICLE OFFENCES,2026-09,138,199,175.0
Hackney,VIOLENCE AGAINST THE PERSON,2026-09,725,680,698.0
Hammersmith and Fulham,ARSON AND CRIMINAL DAMAGE,2026-09,96,90,92.0
Hammersmith and Fulham,BURGLARY,2026-09,102,97,99.0
Hammersmith and Fulham,DRUG OFFENCES,2026-09,111,124,119.0
Hammersmith and Fulham,MISCELLANEOUS CRIMES AGAINST SOCIETY,2026-09,27,20,23.0
Hammersmith and Fulham,POSSESSION OF WEAPONS,2026-09,16,16,16.0
Hammersmith and Fulham,PUBLIC ORDER OFFENCES,2026-09,122,102,110.0
Hammersmith and Fulham,ROBBERY,2026-09,42,53,49.0
Hammersmith and Fulham,SEXUAL OFFENCES,2026-09,48,44,46.0
Hammersmith and Fulham,THEFT,2026-09,575,539,553.0
Hammersmith and Fulham,VEHICLE OFFENCES,2026-09,123,169,151.0
Hammersmith and Fulham,VIOLENCE AGAINST THE PERSON,2026-09,513,476,491.0
Haringey,ARSON AND CRIMINAL DAMAGE,2026-09,121,121,121.0
Haringey,BURGLARY,2026-09,102,113,109.0
Haringey,DRUG OFFENCES,2026-09,122,207,173.0
Haringey,MISCELLANEOUS CRIMES AGAINST SOCIETY,2026-09,30,36,34.0
Haringey,POSSESSION OF WEAPONS,2026-09,21,22,22.0
Haringey,PUBLIC ORDER OFFENCES,2026-09,154,134,142.0
Haringey,ROBBERY,2026-09,99,99,99.0
Haringey,SEXUAL OFFENCES,2026-09,91,71,79.0
Haringey,THEFT,2026-09,591,602,598.0
Haringey,VEHICLE OFFENCES,2026-09,193,303,259.0
Haringey,VIOLENCE AGAINST THE PERSON,2026-09,700,603,642.0
Harrow,ARSON AND CRIMINAL DAMAGE,2026-09,102,89,94.0
Harrow,BURGLARY,2026-09,111,96,102.0
Harrow,DRUG OFFENCES,2026-09,93,83,87.0
Harrow,MISCELLANEOUS CRIMES AGAINST SOCIETY,2026-09,17,14,15.0
Harrow,POSSESSION OF WEAPONS,2026-09,8,6,7.0
Harrow,PUBLIC ORDER OFFENCES,2026-09,97,78,86.0
Harrow,ROBBERY,2026-09,65,62,63.0
Harrow,SEXUAL OFFENCES,2026-09,48,43,45.0
Harrow,THEFT,2026-09,372,344,355.0
Harrow,VEHICLE OFFENCES,2026-09,172,158,164.0
Harrow,VIOLENCE AGAINST THE PERSON,2026-09,486,429,452.0
Havering,ARSON AND CRIMINAL DAMAGE,2026-09,143,132,136.0
Havering,BURGLARY,2026-09,67,69,68.0
Havering,DRUG OFFENCES,2026-09,80,106,96.0
Havering,MISCELLANEOUS CRIMES AGAINST SOCIETY,2026-09,43,24,32.0
Havering,POSSESSION OF WEAPONS,2026-09,18,15,16.0
Havering,PUBLIC ORDER OFFENCES,2026-09,101,100,100.0
Havering,ROBBERY,2026-09,33,57,47.0
Havering,SEXUAL OFFENCES,2026-09,60,48,53.0
Havering,THEFT,2026-09,370,363,366.0
Havering,VEHICLE OFFENCES,2026-09,199,167,180.0
Havering,VIOLENCE AGAINST THE PERSON,2026-09,541,483,506.0
Hillingdon,ARSON AND CRIMINAL DAMAGE,2026-09,178,171,174.0
Hillingdon,BURGLARY,2026-09,110,118,115.0
Hillingdon,DRUG OFFENCES,2026-09,121,137,131.0
Hillingdon,MISCELLANEOUS CRIMES AGAINST SOCIETY,2026-09,223,164,188.0
Hillingdon,POSSESSION OF WEAPONS,2026-09,25,11,17.0
Hillingdon,PUBLIC ORDER OFFENCES,2026-09,194,181,186.0
Hillingdon,ROBBERY,2026-09,67,73,71.0
Hillingdon,SEXUAL OFFENCES,2026-09,84,81,82.0
Hillingdon,THEFT,2026-09,681,665,671.0
Hillingdon,VEHICLE OFFENCES,2026-09,237,319,286.0
Hillingdon,VIOLENCE AGAINST THE PERSON,2026-09,748,748,748.0
Hounslow,ARSON AND CRIMINAL DAMAGE,2026-09,162,197,183.0
Hounslow,BURGLARY,2026-09,99,120,112.0
Hounslow,DRUG OFFENCES,2026-09,91,102,98.0
Hounslow,MISCELLANEOUS CRIMES AGAINST SOCIETY,2026-09,41,24,31.0
Hounslow,POSSESSION OF WEAPONS,2026-09,14,5,9.0
Hounslow,PUBLIC ORDER OFFENCES,2026-09,170,172,171.0
Hounslow,ROBBERY,2026-09,51,54,53.0
Hounslow,SEXUAL OFFENCES,2026-09,69,68,68.0
Hounslow,THEFT,2026-09,508,527,519.0
Hounslow,VEHICLE OFFENCES,2026-09,186,253,226.0
Hounslow,VIOLENCE AGAINST THE PERSON,2026-09,850,704,762.0
Islington,ARSON AND CRIMINAL DAMAGE,2026-09,145,119,129.0
Islington,BURGLARY,2026-09,140,149,145.0
Islington,DRUG OFFENCES,2026-09,131,140,136.0
Islington,MISCELLANEOUS CRIMES AGAINST SOCIETY,2026-09,21,13,16.0
Islington,POSSESSION OF WEAPONS,2026-09,25,21,23.0
Islington,PUBLIC ORDER OFFENCES,2026-09,209,192,199.0
Islington,ROBBERY,2026-09,131,131,131.0
Islington,SEXUAL OFFENCES,2026-09,87,62,72.0
Islington,THEFT,2026-09,1202,983,1071.0
Islington,VEHICLE OFFENCES,2026-09,149,180,168.0
Islington,VIOLENCE AGAINST THE PERSON,2026-09,695,588,631.0
Kensington and Chelsea,ARSON AND CRIMINAL DAMAGE,2026-09,88,80,83.0
Kensington and Chelsea,BURGLARY,2026-09,93,96,95.0
Kensington and Chelsea,DRUG OFFENCES,2026-09,51,62,58.0
Kensington and Chelsea,MISCELLANEOUS CRIMES AGAINST SOCIETY,2026-09,22,16,18.0
Kensington and Chelsea,POSSESSION OF WEAPONS,2026-09,3,7,5.0
Kensington and Chelsea,PUBLIC ORDER OFFENCES,2026-09,99,99,99.0
Kensington and Chelsea,ROBBERY,2026-09,39,48,44.0
Kensington and Chelsea,SEXUAL OFFENCES,2026-09,37,43,41.0
Kensington and Chelsea,THEFT,2026-09,611,704,667.0
Kensington and Chelsea,VEHICLE OFFENCES,2026-09,121,185,159.0
Kensington and Chelsea,VIOLENCE AGAINST THE PERSON,2026-09,383,387,385.0
Kingston upon Thames,ARSON AND CRIMINAL DAMAGE,2026-09,62,69,66.0
Kingston upon Thames,BURGLARY,2026-09,24,48,38.0
Kingston upon Thames,DRUG OFFENCES,2026-09,40,66,56.0
Kingston upon Thames,MISCELLANEOUS CRIMES AGAINST SOCIETY,2026-09,22,16,18.0
Kingston upon Thames,POSSESSION OF WEAPONS,2026-09,9,13,11.0
Kingston upon Thames,PUBLIC ORDER OFFENCES,2026-09,73,72,72.0
Kingston upon Thames,ROBBERY,2026-09,18,22,20.0
Kingston upon Thames,SEXUAL OFFENCES,2026-09,30,27,28.0
Kingston upon Thames,THEFT,2026-09,248,240,243.0
Kingston upon Thames,VEHICLE OFFENCES,2026-09,70,73,72.0
Kingston upon Thames,VIOLENCE AGAINST THE PERSON,2026-09,321,272,292.0
Lambeth,ARSON AND CRIMINAL DAMAGE,2026-09,183,206,197.0
Lambeth,BURGLARY,2026-09,169,167,168.0
Lambeth,DRUG OFFENCES,2026-09,163,169,167.0
Lambeth,MISCELLANEOUS CRIMES AGAINST SOCIETY,2026-09,50,30,38.0
Lambeth,POSSESSION OF WEAPONS,2026-09,38,21,28.0
Lambeth,PUBLIC ORDER OFFENCES,2026-09,202,182,190.0
Lambeth,ROBBERY,2026-09,176,144,157.0
Lambeth,SEXUAL OFFENCES,2026-09,120,98,107.0
Lambeth,THEFT,2026-09,1288,1123,1189.0
Lambeth,VEHICLE OFFENCES,2026-09,176,213,198.0
Lambeth,VIOLENCE AGAINST THE PERSON,2026-09,877,748,800.0
Lewisham,ARSON AND CRIMINAL DAMAGE,2026-09,153,150,151.0
Lewisham,BURGLARY,2026-09,145,137,140.0
Lewisham,DRUG OFFENCES,2026-09,152,126,136.0
Lewisham,MISCELLANEOUS CRIMES AGAINST SOCIETY,2026-09,41,31,35.0
Lewisham,POSSESSION OF WEAPONS,2026-09,37,27,31.0
Lewisham,PUBLIC ORDER OFFENCES,2026-09,204,193,197.0
Lewisham,ROBBERY,2026-09,99,76,85.0
Lewisham,SEXUAL OFFENCES,2026-09,99,84,90.0
Lewisham,THEFT,2026-09,604,516,551.0
Lewisham,VEHICLE OFFENCES,2026-09,195,210,204.0
Lewisham,VIOLENCE AGAINST THE PERSON,2026-09,938,789,849.0
Merton,ARSON AND CRIMINAL DAMAGE,2026-09,54,74,66.0
Merton,BURGLARY,2026-09,46,49,48.0
Merton,DRUG OFFENCES,2026-09,50,40,44.0
Merton,MISCELLANEOUS CRIMES AGAINST SOCIETY,2026-09,23,18,20.0
Merton,POSSESSION OF WEAPONS,2026-09,6,9,8.0
Merton,PUBLIC ORDER OFFENCES,2026-09,67,69,68.0
Merton,ROBBERY,2026-09,21,25,23.0
Merton,SEXUAL OFFENCES,2026-09,31,29,30.0
Merton,THEFT,2026-09,256,214,231.0
Merton,VEHICLE OFFENCES,2026-09,116,97,105.0
Merton,VIOLENCE AGAINST THE PERSON,2026-09,431,395,409.0
Newham,ARSON AND CRIMINAL DAMAGE,2026-09,184,183,183.0
Newham,BURGLARY,2026-09,190,151,167.0
Newham,DRUG OFFENCES,2026-09,241,182,206.0
Newham,MISCELLANEOUS CRIMES AGAINST SOCIETY,2026-09,42,32,36.0
Newham,POSSESSION OF WEAPONS,2026-09,50,30,38.0
Newham,PUBLIC ORDER OFFENCES,2026-09,194,182,187.0
Newham,ROBBERY,2026-09,143,107,121.0
Newham,SEXUAL OFFENCES,2026-09,98,90,93.0
Newham,THEFT,2026-09,1014,1070,1048.0
Newham,VEHICLE OFFENCES,2026-09,474,369,411.0
Newham,VIOLENCE AGAINST THE PERSON,2026-09,976,879,918.0
Redbridge,ARSON AND CRIMINAL DAMAGE,2026-09,114,112,113.0
Redbridge,BURGLARY,2026-09,104,104,104.0
Redbridge,DRUG OFFENCES,2026-09,90,102,97.0
Redbridge,MISCELLANEOUS CRIMES AGAINST SOCIETY,2026-09,31,31,31.0
Redbridge,POSSESSION OF WEAPONS,2026-09,8,8,8.0
Redbridge,PUBLIC ORDER OFFENCES,2026-09,150,130,138.0
Redbridge,ROBBERY,2026-09,56,75,67.0
Redbridge,SEXUAL OFFENCES,2026-09,65,77,72.0
Redbridge,THEFT,2026-09,526,530,528.0
Redbridge,VEHICLE OFFENCES,2026-09,219,236,229.0
Redbridge,VIOLENCE AGAINST THE PERSON,2026-09,751,697,719.0
Richmond upon Thames,ARSON AND CRIMINAL DAMAGE,2026-09,64,121,98.0
Richmond upon Thames,BURGLARY,2026-09,42,75,62.0
Richmond upon Thames,DRUG OFFENCES,2026-09,10,43,30.0
Richmond upon Thames,MISCELLANEOUS CRIMES AGAINST SOCIETY,2026-09,16,14,15.0
Richmond upon Thames,POSSESSION OF WEAPONS,2026-09,0,1,1.0
Richmond upon Thames,PUBLIC ORDER OFFENCES,2026-09,57,62,60.0
Richmond upon Thames,ROBBERY,2026-09,8,13,11.0
Richmond upon Thames,SEXUAL OFFENCES,2026-09,37,28,32.0
Richmond upon Thames,THEFT,2026-09,230,210,218.0
Richmond upon Thames,VEHICLE OFFENCES,2026-09,95,110,104.0
Richmond upon Thames,VIOLENCE AGAINST THE PERSON,2026-09,312,230,263.0
Southwark,ARSON AND CRIMINAL DAMAGE,2026-09,190,165,175.0
Southwark,BURGLARY,2026-09,187,183,185.0
Southwark,DRUG OFFENCES,2026-09,158,167,163.0
Southwark,MISCELLANEOUS CRIMES AGAINST SOCIETY,2026-09,29,25,27.0
Southwark,POSSESSION OF WEAPONS,2026-09,39,20,28.0
Southwark,PUBLIC ORDER OFFENCES,2026-09,202,190,195.0
Southwark,ROBBERY,2026-09,165,143,152.0
Southwark,SEXUAL OFFENCES,2026-09,76,85,81.0
Southwark,THEFT,2026-09,1702,1351,1491.0
Southwark,VEHICLE OFFENCES,2026-09,187,183,185.0
Southwark,VIOLENCE AGAINST THE PERSON,2026-09,800,709,745.0
Sutton,ARSON AND CRIMINAL DAMAGE,2026-09,74,67,70.0
Sutton,BURGLARY,2026-09,67,72,70.0
Sutton,DRUG OFFENCES,2026-09,50,65,59.0
Sutton,MISCELLANEOUS CRIMES AGAINST SOCIETY,2026-09,19,16,17.0
Sutton,POSSESSION OF WEAPONS,2026-09,9,9,9.0
Sutton,PUBLIC ORDER OFFENCES,2026-09,115,107,110.0
Sutton,ROBBERY,2026-09,30,27,28.0
Sutton,SEXUAL OFFENCES,2026-09,50,45,47.0
Sutton,THEFT,2026-09,246,229,236.0
Sutton,VEHICLE OFFENCES,2026-09,122,100,109.0
Sutton,VIOLENCE AGAINST THE PERSON,2026-09,433,400,413.0
Tower Hamlets,ARSON AND CRIMINAL DAMAGE,2026-09,190,179,183.0
Tower Hamlets,BURGLARY,2026-09,274,266,269.0
Tower Hamlets,DRUG OFFENCES,2026-09,194,242,223.0
Tower Hamlets,MISCELLANEOUS CRIMES AGAINST SOCIETY,2026-09,47,41,43.0
Tower Hamlets,POSSESSION OF WEAPONS,2026-09,31,19,24.0
Tower Hamlets,PUBLIC ORDER OFFENCES,2026-09,231,216,222.0
Tower Hamlets,ROBBERY,2026-09,131,103,114.0
Tower Hamlets,SEXUAL OFFENCES,2026-09,91,86,88.0
Tower Hamlets,THEFT,2026-09,1013,897,943.0
Tower Hamlets,VEHICLE OFFENCES,2026-09,236,232,234.0
Tower Hamlets,VIOLENCE AGAINST THE PERSON,2026-09,998,835,900.0
Waltham Forest,ARSON AND CRIMINAL DAMAGE,2026-09,126,116,120.0
Waltham Forest,BURGLARY,2026-09,102,115,110.0
Waltham Forest,DRUG OFFENCES,2026-09,134,155,147.0
Waltham Forest,MISCELLANEOUS CRIMES AGAINST SOCIETY,2026-09,31,30,30.0
Waltham Forest,POSSESSION OF WEAPONS,2026-09,21,14,17.0
Waltham Forest,PUBLIC ORDER OFFENCES,2026-09,132,118,124.0
Waltham Forest,ROBBERY,2026-09,38,39,39.0
Waltham Forest,SEXUAL OFFENCES,2026-09,67,58,62.0
Waltham Forest,THEFT,2026-09,420,511,475.0
Waltham Forest,VEHICLE OFFENCES,2026-09,222,232,228.0
Waltham Forest,VIOLENCE AGAINST THE PERSON,2026-09,617,523,561.0
Wandsworth,ARSON AND CRIMINAL DAMAGE,2026-09,151,130,138.0
Wandsworth,BURGLARY,2026-09,127,135,132.0
Wandsworth,DRUG OFFENCES,2026-09,142,184,167.0
Wandsworth,MISCELLANEOUS CRIMES AGAINST SOCIETY,2026-09,29,24,26.0
Wandsworth,POSSESSION OF WEAPONS,2026-09,25,14,18.0
Wandsworth,PUBLIC ORDER OFFENCES,2026-09,150,138,143.0
Wandsworth,ROBBERY,2026-09,63,72,68.0
Wandsworth,SEXUAL OFFENCES,2026-09,71,71,71.0
Wandsworth,THEFT,2026-09,599,637,622.0
Wandsworth,VEHICLE OFFENCES,2026-09,169,246,215.0
Wandsworth,VIOLENCE AGAINST THE PERSON,2026-09,642,584,607.0
Westminster,ARSON AND CRIMINAL DAMAGE,2026-09,199,203,201.0
Westminster,BURGLARY,2026-09,161,217,195.0
Westminster,DRUG OFFENCES,2026-09,204,208,206.0
Westminster,MISCELLANEOUS CRIMES AGAINST SOCIETY,2026-09,48,25,34.0
Westminster,POSSESSION OF WEAPONS,2026-09,50,33,40.0
Westminster,PUBLIC ORDER OFFENCES,2026-09,369,329,345.0
Westminster,ROBBERY,2026-09,194,275,243.0
Westminster,SEXUAL OFFENCES,2026-09,114,126,121.0
Westminster,THEFT,2026-09,2421,3493,3064.0
Westminster,VEHICLE OFFENCES,2026-09,204,297,260.0
Westminster,VIOLENCE AGAINST THE PERSON,2026-09,991,1015,1005.0
Barking and Dagenham,ARSON AND CRIMINAL DAMAGE,2026-10,112,106,108.0
Barking and Dagenham,BURGLARY,2026-10,79,71,74.0
Barking and Dagenham,DRUG OFFENCES,2026-10,110,114,112.0
Barking and Dagenham,MISCELLANEOUS CRIMES AGAINST SOCIETY,2026-10,38,24,30.0
Barking and Dagenham,POSSESSION OF WEAPONS,2026-10,16,17,17.0
Barking and Dagenham,PUBLIC ORDER OFFENCES,2026-10,126,109,116.0
Barking and Dagenham,ROBBERY,2026-10,117,94,103.0
Barking and Dagenham,SEXUAL OFFENCES,2026-10,92,62,74.0
Barking and Dagenham,THEFT,2026-10,307,315,312.0
Barking and Dagenham,VEHICLE OFFENCES,2026-10,213,189,199.0
Barking and Dagenham,VIOLENCE AGAINST THE PERSON,2026-10,732,596,650.0
Barnet,ARSON AND CRIMINAL DAMAGE,2026-10,169,160,164.0
Barnet,BURGLARY,2026-10,222,188,202.0
Barnet,DRUG OFFENCES,2026-10,115,139,129.0
Barnet,MISCELLANEOUS CRIMES AGAINST SOCIETY,2026-10,51,25,35.0
Barnet,POSSESSION OF WEAPONS,2026-10,14,7,10.0
Barnet,PUBLIC ORDER OFFENCES,2026-10,196,164,177.0
Barnet,ROBBERY,2026-10,71,70,70.0
Barnet,SEXUAL OFFENCES,2026-10,79,80,80.0
Barnet,THEFT,2026-10,667,554,599.0
Barnet,VEHICLE OFFENCES,2026-10,372,416,398.0
Barnet,VIOLENCE AGAINST THE PERSON,2026-10,770,725,743.0
Bexley,ARSON AND CRIMINAL DAMAGE,2026-10,82,117,103.0
Bexley,BURGLARY,2026-10,76,78,77.0
Bexley,DRUG OFFENCES,2026-10,60,85,75.0
Bexley,MISCELLANEOUS CRIMES AGAINST SOCIETY,2026-10,27,21,23.0
Bexley,POSSESSION OF WEAPONS,2026-10,17,14,15.0
Bexley,PUBLIC ORDER OFFENCES,2026-10,135,104,116.0
Bexley,ROBBERY,2026-10,63,33,45.0
Bexley,SEXUAL OFFENCES,2026-10,44,63,55.0
Bexley,THEFT,2026-10,278,266,271.0
Bexley,VEHICLE OFFENCES,2026-10,152,168,162.0
Bexley,VIOLENCE AGAINST THE PERSON,2026-10,534,420,466.0
Brent,ARSON AND CRIMINAL DAMAGE,2026-10,189,189,189.0
Brent,BURGLARY,2026-10,136,130,132.0
Brent,DRUG OFFENCES,2026-10,279,352,323.0
Brent,MISCELLANEOUS CRIMES AGAINST SOCIETY,2026-10,64,38,48.0
Brent,POSSESSION OF WEAPONS,2026-10,30,19,23.0
Brent,PUBLIC ORDER OFFENCES,2026-10,174,186,181.0
Brent,ROBBERY,2026-10,83,101,94.0
Brent,SEXUAL OFFENCES,2026-10,85,75,79.0
Brent,THEFT,2026-10,741,759,752.0
Brent,VEHICLE OFFENCES,2026-10,223,269,251.0
Brent,VIOLENCE AGAINST THE PERSON,2026-10,917,860,883.0
Bromley,ARSON AND CRIMINAL DAMAGE,2026-10,141,143,142.0
Bromley,BURGLARY,2026-10,118,108,112.0
Bromley,DRUG OFFENCES,2026-10,126,88,103.0
Bromley,MISCELLANEOUS CRIMES AGAINST SOCIETY,2026-10,35,32,33.0
Bromley,POSSESSION OF WEAPONS,2026-10,12,13,13.0
Bromley,PUBLIC ORDER OFFENCES,2026-10,161,135,145.0
Bromley,ROBBERY,2026-10,42,45,44.0
Bromley,SEXUAL OFFENCES,2026-10,73,54,62.0
Bromley,THEFT,2026-10,541,460,492.0
Bromley,VEHICLE OFFENCES,2026-10,326,343,336.0
Bromley,VIOLENCE AGAINST THE PERSON,2026-10,563,555,558.0
Camden,ARSON AND CRIMINAL DAMAGE,2026-10,115,157,140.0
Camden,BURGLARY,2026-10,191,214,205.0
Camden,DRUG OFFENCES,2026-10,106,109,108.0
Camden,MISCELLANEOUS CRIMES AGAINST SOCIETY,2026-10,34,18,24.0
Camden,POSSESSION OF WEAPONS,2026-10,27,11,17.0
Camden,PUBLIC ORDER OFFENCES,2026-10,251,234,241.0
Camden,ROBBERY,2026-10,128,103,113.0
Camden,SEXUAL OFFENCES,2026-10,104,96,99.0
Camden,THEFT,2026-10,1559,1552,1555.0
Camden,VEHICLE OFFENCES,2026-10,173,185,180.0
Camden,VIOLENCE AGAINST THE PERSON,2026-10,716,694,703.0
Croydon,ARSON AND CRIMINAL DAMAGE,2026-10,226,226,226.0
Croydon,BURGLARY,2026-10,117,148,136.0
Croydon,DRUG OFFENCES,2026-10,211,147,173.0
Croydon,MISCELLANEOUS CRIMES AGAINST SOCIETY,2026-10,51,33,40.0
Croydon,POSSESSION OF WEAPONS,2026-10,38,14,24.0
Croydon,PUBLIC ORDER OFFENCES,2026-10,152,184,171.0
Croydon,ROBBERY,2026-10,72,90,83.0
Croydon,SEXUAL OFFENCES,2026-10,114,87,98.0
Croydon,THEFT,2026-10,712,508,590.0
Croydon,VEHICLE OFFENCES,2026-10,381,333,352.0
Croydon,VIOLENCE AGAINST THE PERSON,2026-10,1010,910,950.0
Ealing,ARSON AND CRIMINAL DAMAGE,2026-10,174,200,190.0
Ealing,BURGLARY,2026-10,199,175,185.0
Ealing,DRUG OFFENCES,2026-10,119,212,175.0
Ealing,MISCELLANEOUS CRIMES AGAINST SOCIETY,2026-10,54,39,45.0
Ealing,POSSESSION OF WEAPONS,2026-10,25,23,24.0
Ealing,PUBLIC ORDER OFFENCES,2026-10,237,179,202.0
Ealing,ROBBERY,2026-10,73,58,64.0
Ealing,SEXUAL OFFENCES,2026-10,87,74,79.0
Ealing,THEFT,2026-10,696,581,627.0
Ealing,VEHICLE OFFENCES,2026-10,362,359,360.0
Ealing,VIOLENCE AGAINST THE PERSON,2026-10,893,885,888.0
Enfield,ARSON AND CRIMINAL DAMAGE,2026-10,188,192,190.0
Enfield,BURGLARY,2026-10,162,161,161.0
Enfield,DRUG OFFENCES,2026-10,177,154,163.0
Enfield,MISCELLANEOUS CRIMES AGAINST SOCIETY,2026-10,43,38,40.0
Enfield,POSSESSION OF WEAPONS,2026-10,31,18,23.0
Enfield,PUBLIC ORDER OFFENCES,2026-10,149,126,135.0
Enfield,ROBBERY,2026-10,114,81,94.0
Enfield,SEXUAL OFFENCES,2026-10,81,62,70.0
Enfield,THEFT,2026-10,648,564,598.0
Enfield,VEHICLE OFFENCES,2026-10,386,352,366.0
Enfield,VIOLENCE AGAINST THE PERSON,2026-10,795,776,784.0
Greenwich,ARSON AND CRIMINAL DAMAGE,2026-10,164,199,185.0
Greenwich,BURGLARY,2026-10,136,138,137.0
Greenwich,DRUG OFFENCES,2026-10,141,165,155.0
Greenwich,MISCELLANEOUS CRIMES AGAINST SOCIETY,2026-10,46,43,44.0
Greenwich,POSSESSION OF WEAPONS,2026-10,29,19,23.0
Greenwich,PUBLIC ORDER OFFENCES,2026-10,160,146,152.0
Greenwich,ROBBERY,2026-10,98,53,71.0
Greenwich,SEXUAL OFFENCES,2026-10,91,69,78.0
Greenwich,THEFT,2026-10,522,535,530.0
Greenwich,VEHICLE OFFENCES,2026-10,205,214,210.0
Greenwich,VIOLENCE AGAINST THE PERSON,2026-10,893,743,803.0
Hackney,ARSON AND CRIMINAL DAMAGE,2026-10,121,138,131.0
Hackney,BURGLARY,2026-10,174,153,161.0
Hackney,DRUG OFFENCES,2026-10,176,173,174.0
Hackney,MISCELLANEOUS CRIMES AGAINST SOCIETY,2026-10,31,23,26.0
Hackney,POSSESSION OF WEAPONS,2026-10,29,28,28.0
Hackney,PUBLIC ORDER OFFENCES,2026-10,225,188,203.0
Hackney,ROBBERY,2026-10,92,141,121.0
Hackney,SEXUAL OFFENCES,2026-10,75,86,82.0
Hackney,THEFT,2026-10,1158,950,1033.0
Hackney,VEHICLE OFFENCES,2026-10,125,161,147.0
Hackney,VIOLENCE AGAINST THE PERSON,2026-10,710,673,688.0
Hammersmith and Fulham,ARSON AND CRIMINAL DAMAGE,2026-10,91,92,92.0
Hammersmith and Fulham,BURGLARY,2026-10,100,88,93.0
Hammersmith and Fulham,DRUG OFFENCES,2026-10,110,124,118.0
Hammersmith and Fulham,MISCELLANEOUS CRIMES AGAINST SOCIETY,2026-10,36,33,34.0
Hammersmith and Fulham,POSSESSION OF WEAPONS,2026-10,12,10,11.0
Hammersmith and Fulham,PUBLIC ORDER OFFENCES,2026-10,143,125,132.0
Hammersmith and Fulham,ROBBERY,2026-10,54,53,53.0
Hammersmith and Fulham,SEXUAL OFFENCES,2026-10,70,58,63.0
Hammersmith and Fulham,THEFT,2026-10,616,587,599.0
Hammersmith and Fulham,VEHICLE OFFENCES,2026-10,114,125,121.0
Hammersmith and Fulham,VIOLENCE AGAINST THE PERSON,2026-10,546,495,515.0
Haringey,ARSON AND CRIMINAL DAMAGE,2026-10,114,134,126.0
Haringey,BURGLARY,2026-10,102,110,107.0
Haringey,DRUG OFFENCES,2026-10,85,137,116.0
Haringey,MISCELLANEOUS CRIMES AGAINST SOCIETY,2026-10,27,26,26.0
Haringey,POSSESSION OF WEAPONS,2026-10,19,18,18.0
Haringey,PUBLIC ORDER OFFENCES,2026-10,171,139,152.0
Haringey,ROBBERY,2026-10,125,124,124.0
Haringey,SEXUAL OFFENCES,2026-10,92,73,81.0
Haringey,THEFT,2026-10,649,653,651.0
Haringey,VEHICLE OFFENCES,2026-10,234,316,283.0
Haringey,VIOLENCE AGAINST THE PERSON,2026-10,740,652,687.0
Harrow,ARSON AND CRIMINAL DAMAGE,2026-10,103,83,91.0
Harrow,BURGLARY,2026-10,127,124,125.0
Harrow,DRUG OFFENCES,2026-10,110,106,108.0
Harrow,MISCELLANEOUS CRIMES AGAINST SOCIETY,2026-10,29,29,29.0
Harrow,POSSESSION OF WEAPONS,2026-10,9,9,9.0
Harrow,PUBLIC ORDER OFFENCES,2026-10,106,106,106.0
Harrow,ROBBERY,2026-10,69,58,62.0
Harrow,SEXUAL OFFENCES,2026-10,48,31,38.0
Harrow,THEFT,2026-10,409,337,366.0
Harrow,VEHICLE OFFENCES,2026-10,177,167,171.0
Harrow,VIOLENCE AGAINST THE PERSON,2026-10,493,438,460.0
Havering,ARSON AND CRIMINAL DAMAGE,2026-10,131,112,120.0
Havering,BURGLARY,2026-10,75,82,79.0
Havering,DRUG OFFENCES,2026-10,110,99,103.0
Havering,MISCELLANEOUS CRIMES AGAINST SOCIETY,2026-10,32,25,28.0
Havering,POSSESSION OF WEAPONS,2026-10,21,17,19.0
Havering,PUBLIC ORDER OFFENCES,2026-10,117,108,112.0
Havering,ROBBERY,2026-10,28,43,37.0
Havering,SEXUAL OFFENCES,2026-10,57,48,52.0
Havering,THEFT,2026-10,383,354,366.0
Havering,VEHICLE OFFENCES,2026-10,185,161,171.0
Havering,VIOLENCE AGAINST THE PERSON,2026-10,562,525,540.0
Hillingdon,ARSON AND CRIMINAL DAMAGE,2026-10,164,165,165.0
Hillingdon,BURGLARY,2026-10,138,138,138.0
Hillingdon,DRUG OFFENCES,2026-10,117,143,133.0
Hillingdon,MISCELLANEOUS CRIMES AGAINST SOCIETY,2026-10,226,177,197.0
Hillingdon,POSSESSION OF WEAPONS,2026-10,26,13,18.0
Hillingdon,PUBLIC ORDER OFFENCES,2026-10,198,178,186.0
Hillingdon,ROBBERY,2026-10,69,53,59.0
Hillingdon,SEXUAL OFFENCES,2026-10,86,80,82.0
Hillingdon,THEFT,2026-10,732,691,707.0
Hillingdon,VEHICLE OFFENCES,2026-10,247,287,271.0
Hillingdon,VIOLENCE AGAINST THE PERSON,2026-10,763,710,731.0
Hounslow,ARSON AND CRIMINAL DAMAGE,2026-10,155,174,166.0
Hounslow,BURGLARY,2026-10,129,119,123.0
Hounslow,DRUG OFFENCES,2026-10,88,130,113.0
Hounslow,MISCELLANEOUS CRIMES AGAINST SOCIETY,2026-10,43,34,38.0
Hounslow,POSSESSION OF WEAPONS,2026-10,21,11,15.0
Hounslow,PUBLIC ORDER OFFENCES,2026-10,173,195,186.0
Hounslow,ROBBERY,2026-10,49,52,51.0
Hounslow,SEXUAL OFFENCES,2026-10,65,71,69.0
Hounslow,THEFT,2026-10,529,519,523.0
Hounslow,VEHICLE OFFENCES,2026-10,204,226,217.0
Hounslow,VIOLENCE AGAINST THE PERSON,2026-10,888,766,815.0
Islington,ARSON AND CRIMINAL DAMAGE,2026-10,146,156,152.0
Islington,BURGLARY,2026-10,134,150,144.0
Islington,DRUG OFFENCES,2026-10,132,171,155.0
Islington,MISCELLANEOUS CRIMES AGAINST SOCIETY,2026-10,26,31,29.0
Islington,POSSESSION OF WEAPONS,2026-10,21,18,19.0
Islington,PUBLIC ORDER OFFENCES,2026-10,230,189,205.0
Islington,ROBBERY,2026-10,123,95,106.0
Islington,SEXUAL OFFENCES,2026-10,83,59,69.0
Islington,THEFT,2026-10,1156,859,978.0
Islington,VEHICLE OFFENCES,2026-10,152,154,153.0
Islington,VIOLENCE AGAINST THE PERSON,2026-10,740,674,700.0
Kensington and Chelsea,ARSON AND CRIMINAL DAMAGE,2026-10,103,88,94.0
Kensington and Chelsea,BURGLARY,2026-10,123,146,137.0
Kensington and Chelsea,DRUG OFFENCES,2026-10,107,127,119.0
Kensington and Chelsea,MISCELLANEOUS CRIMES AGAINST SOCIETY,2026-10,21,14,17.0
Kensington and Chelsea,POSSESSION OF WEAPONS,2026-10,1,5,3.0
Kensington and Chelsea,PUBLIC ORDER OFFENCES,2026-10,105,99,101.0
Kensington and Chelsea,ROBBERY,2026-10,54,72,65.0
Kensington and Chelsea,SEXUAL OFFENCES,2026-10,31,42,38.0
Kensington and Chelsea,THEFT,2026-10,653,680,669.0
Kensington and Chelsea,VEHICLE OFFENCES,2026-10,170,233,208.0
Kensington and Chelsea,VIOLENCE AGAINST THE PERSON,2026-10,381,399,392.0
Kingston upon Thames,ARSON AND CRIMINAL DAMAGE,2026-10,70,85,79.0
Kingston upon Thames,BURGLARY,2026-10,34,57,48.0
Kingston upon Thames,DRUG OFFENCES,2026-10,62,91,79.0
Kingston upon Thames,MISCELLANEOUS CRIMES AGAINST SOCIETY,2026-10,20,9,13.0
Kingston upon Thames,POSSESSION OF WEAPONS,2026-10,8,8,8.0
Kingston upon Thames,PUBLIC ORDER OFFENCES,2026-10,78,90,85.0
Kingston upon Thames,ROBBERY,2026-10,28,29,29.0
Kingston upon Thames,SEXUAL OFFENCES,2026-10,35,41,39.0
Kingston upon Thames,THEFT,2026-10,257,263,261.0
Kingston upon Thames,VEHICLE OFFENCES,2026-10,78,85,82.0
Kingston upon Thames,VIOLENCE AGAINST THE PERSON,2026-10,349,341,344.0
Lambeth,ARSON AND CRIMINAL DAMAGE,2026-10,142,172,160.0
Lambeth,BURGLARY,2026-10,154,137,144.0
Lambeth,DRUG OFFENCES,2026-10,156,163,160.0
Lambeth,MISCELLANEOUS CRIMES AGAINST SOCIETY,2026-10,53,46,49.0
Lambeth,POSSESSION OF WEAPONS,2026-10,41,32,36.0
Lambeth,PUBLIC ORDER OFFENCES,2026-10,190,176,182.0
Lambeth,ROBBERY,2026-10,194,141,162.0
Lambeth,SEXUAL OFFENCES,2026-10,122,96,106.0
Lambeth,THEFT,2026-10,1332,1103,1195.0
Lambeth,VEHICLE OFFENCES,2026-10,148,190,173.0
Lambeth,VIOLENCE AGAINST THE PERSON,2026-10,914,823,859.0
Lewisham,ARSON AND CRIMINAL DAMAGE,2026-10,169,170,170.0
Lewisham,BURGLARY,2026-10,132,135,134.0
Lewisham,DRUG OFFENCES,2026-10,210,188,197.0
Lewisham,MISCELLANEOUS CRIMES AGAINST SOCIETY,2026-10,40,41,41.0
Lewisham,POSSESSION OF WEAPONS,2026-10,41,31,35.0
Lewisham,PUBLIC ORDER OFFENCES,2026-10,213,180,193.0
Lewisham,ROBBERY,2026-10,101,77,87.0
Lewisham,SEXUAL OFFENCES,2026-10,118,108,112.0
Lewisham,THEFT,2026-10,624,526,565.0
Lewisham,VEHICLE OFFENCES,2026-10,210,254,236.0
Lewisham,VIOLENCE AGAINST THE PERSON,2026-10,970,868,909.0
Merton,ARSON AND CRIMINAL DAMAGE,2026-10,78,106,95.0
Merton,BURGLARY,2026-10,48,56,53.0
Merton,DRUG OFFENCES,2026-10,50,51,51.0
Merton,MISCELLANEOUS CRIMES AGAINST SOCIETY,2026-10,16,9,12.0
Merton,POSSESSION OF WEAPONS,2026-10,2,7,5.0
Merton,PUBLIC ORDER OFFENCES,2026-10,80,72,75.0
Merton,ROBBERY,2026-10,20,24,22.0
Merton,SEXUAL OFFENCES,2026-10,29,29,29.0
Merton,THEFT,2026-10,276,261,267.0
Merton,VEHICLE OFFENCES,2026-10,125,115,119.0
Merton,VIOLENCE AGAINST THE PERSON,2026-10,386,348,363.0
Newham,ARSON AND CRIMINAL DAMAGE,2026-10,181,174,177.0
Newham,BURGLARY,2026-10,193,158,172.0
Newham,DRUG OFFENCES,2026-10,224,176,195.0
Newham,MISCELLANEOUS CRIMES AGAINST SOCIETY,2026-10,59,53,55.0
Newham,POSSESSION OF WEAPONS,2026-10,54,23,35.0
Newham,PUBLIC ORDER OFFENCES,2026-10,213,203,207.0
Newham,ROBBERY,2026-10,166,180,174.0
Newham,SEXUAL OFFENCES,2026-10,100,96,98.0
Newham,THEFT,2026-10,1168,1264,1226.0
Newham,VEHICLE OFFENCES,2026-10,500,413,448.0
Newham,VIOLENCE AGAINST THE PERSON,2026-10,1053,952,992.0
Redbridge,ARSON AND CRIMINAL DAMAGE,2026-10,134,143,139.0
Redbridge,BURGLARY,2026-10,121,133,128.0
Redbridge,DRUG OFFENCES,2026-10,142,128,134.0
Redbridge,MISCELLANEOUS CRIMES AGAINST SOCIETY,2026-10,36,30,32.0
Redbridge,POSSESSION OF WEAPONS,2026-10,11,13,12.0
Redbridge,PUBLIC ORDER OFFENCES,2026-10,146,120,130.0
Redbridge,ROBBERY,2026-10,58,65,62.0
Redbridge,SEXUAL OFFENCES,2026-10,60,70,66.0
Redbridge,THEFT,2026-10,500,475,485.0
Redbridge,VEHICLE OFFENCES,2026-10,238,226,231.0
Redbridge,VIOLENCE AGAINST THE PERSON,2026-10,789,747,764.0
Richmond upon Thames,ARSON AND CRIMINAL DAMAGE,2026-10,66,98,85.0
Richmond upon Thames,BURGLARY,2026-10,51,81,69.0
Richmond upon Thames,DRUG OFFENCES,2026-10,14,48,34.0
Richmond upon Thames,MISCELLANEOUS CRIMES AGAINST SOCIETY,2026-10,18,10,13.0
Richmond upon Thames,POSSESSION OF WEAPONS,2026-10,1,4,3.0
Richmond upon Thames,PUBLIC ORDER OFFENCES,2026-10,43,52,48.0
Richmond upon Thames,ROBBERY,2026-10,17,23,21.0
Richmond upon Thames,SEXUAL OFFENCES,2026-10,32,26,28.0
Richmond upon Thames,THEFT,2026-10,242,239,240.0
Richmond upon Thames,VEHICLE OFFENCES,2026-10,133,160,149.0
Richmond upon Thames,VIOLENCE AGAINST THE PERSON,2026-10,333,263,291.0
Southwark,ARSON AND CRIMINAL DAMAGE,2026-10,203,147,169.0
Southwark,BURGLARY,2026-10,207,202,204.0
Southwark,DRUG OFFENCES,2026-10,175,164,168.0
Southwark,MISCELLANEOUS CRIMES AGAINST SOCIETY,2026-10,34,32,33.0
Southwark,POSSESSION OF WEAPONS,2026-10,33,20,25.0
Southwark,PUBLIC ORDER OFFENCES,2026-10,197,166,178.0
Southwark,ROBBERY,2026-10,189,124,150.0
Southwark,SEXUAL OFFENCES,2026-10,87,104,97.0
Southwark,THEFT,2026-10,1781,1423,1566.0
Southwark,VEHICLE OFFENCES,2026-10,200,211,207.0
Southwark,VIOLENCE AGAINST THE PERSON,2026-10,869,820,840.0
Sutton,ARSON AND CRIMINAL DAMAGE,2026-10,84,88,86.0
Sutton,BURGLARY,2026-10,67,57,61.0
Sutton,DRUG OFFENCES,2026-10,57,58,58.0
Sutton,MISCELLANEOUS CRIMES AGAINST SOCIETY,2026-10,22,20,21.0
Sutton,POSSESSION OF WEAPONS,2026-10,8,9,9.0
Sutton,PUBLIC ORDER OFFENCES,2026-10,112,87,97.0
Sutton,ROBBERY,2026-10,31,28,29.0
Sutton,SEXUAL OFFENCES,2026-10,58,35,44.0
Sutton,THEFT,2026-10,268,250,257.0
Sutton,VEHICLE OFFENCES,2026-10,135,96,112.0
Sutton,VIOLENCE AGAINST THE PERSON,2026-10,448,426,435.0
Tower Hamlets,ARSON AND CRIMINAL DAMAGE,2026-10,169,160,164.0
Tower Hamlets,BURGLARY,2026-10,284,251,264.0
Tower Hamlets,DRUG OFFENCES,2026-10,193,208,202.0
Tower Hamlets,MISCELLANEOUS CRIMES AGAINST SOCIETY,2026-10,54,43,47.0
Tower Hamlets,POSSESSION OF WEAPONS,2026-10,36,25,29.0
Tower Hamlets,PUBLIC ORDER OFFENCES,2026-10,244,227,234.0
Tower Hamlets,ROBBERY,2026-10,128,113,119.0
Tower Hamlets,SEXUAL OFFENCES,2026-10,104,117,112.0
Tower Hamlets,THEFT,2026-10,1075,936,992.0
Tower Hamlets,VEHICLE OFFENCES,2026-10,219,220,220.0
Tower Hamlets,VIOLENCE AGAINST THE PERSON,2026-10,1029,910,958.0
Waltham Forest,ARSON AND CRIMINAL DAMAGE,2026-10,167,143,153.0
Waltham Forest,BURGLARY,2026-10,96,94,95.0
Waltham Forest,DRUG OFFENCES,2026-10,133,138,136.0
Waltham Forest,MISCELLANEOUS CRIMES AGAINST SOCIETY,2026-10,26,15,19.0
Waltham Forest,POSSESSION OF WEAPONS,2026-10,27,13,19.0
Waltham Forest,PUBLIC ORDER OFFENCES,2026-10,129,113,119.0
Waltham Forest,ROBBERY,2026-10,61,62,62.0
Waltham Forest,SEXUAL OFFENCES,2026-10,73,63,67.0
Waltham Forest,THEFT,2026-10,466,541,511.0
Waltham Forest,VEHICLE OFFENCES,2026-10,253,194,218.0
Waltham Forest,VIOLENCE AGAINST THE PERSON,2026-10,627,537,573.0
Wandsworth,ARSON AND CRIMINAL DAMAGE,2026-10,144,133,137.0
Wandsworth,BURGLARY,2026-10,129,130,130.0
Wandsworth,DRUG OFFENCES,2026-10,131,158,147.0
Wandsworth,MISCELLANEOUS CRIMES AGAINST SOCIETY,2026-10,31,28,29.0
Wandsworth,POSSESSION OF WEAPONS,2026-10,22,11,15.0
Wandsworth,PUBLIC ORDER OFFENCES,2026-10,164,147,154.0
Wandsworth,ROBBERY,2026-10,60,61,61.0
Wandsworth,SEXUAL OFFENCES,2026-10,67,63,65.0
Wandsworth,THEFT,2026-10,604,707,666.0
Wandsworth,VEHICLE OFFENCES,2026-10,174,298,248.0
Wandsworth,VIOLENCE AGAINST THE PERSON,2026-10,668,687,679.0
Westminster,ARSON AND CRIMINAL DAMAGE,2026-10,211,203,206.0
Westminster,BURGLARY,2026-10,200,256,234.0
Westminster,DRUG OFFENCES,2026-10,215,242,231.0
Westminster,MISCELLANEOUS CRIMES AGAINST SOCIETY,2026-10,48,32,38.0
Westminster,POSSESSION OF WEAPONS,2026-10,45,30,36.0
Westminster,PUBLIC ORDER OFFENCES,2026-10,337,318,326.0
Westminster,ROBBERY,2026-10,219,292,263.0
Westminster,SEXUAL OFFENCES,2026-10,112,117,115.0
Westminster,THEFT,2026-10,3232,3814,3581.0
Westminster,VEHICLE OFFENCES,2026-10,225,304,272.0
Westminster,VIOLENCE AGAINST THE PERSON,2026-10,1007,985,994.0
Barking and Dagenham,ARSON AND CRIMINAL DAMAGE,2026-11,115,114,114.0
Barking and Dagenham,BURGLARY,2026-11,91,101,97.0
Barking and Dagenham,DRUG OFFENCES,2026-11,130,115,121.0
Barking and Dagenham,MISCELLANEOUS CRIMES AGAINST SOCIETY,2026-11,36,20,26.0
Barking and Dagenham,POSSESSION OF WEAPONS,2026-11,16,12,14.0
Barking and Dagenham,PUBLIC ORDER OFFENCES,2026-11,99,86,91.0
Barking and Dagenham,ROBBERY,2026-11,104,97,100.0
Barking and Dagenham,SEXUAL OFFENCES,2026-11,96,57,73.0
Barking and Dagenham,THEFT,2026-11,303,308,306.0
Barking and Dagenham,VEHICLE OFFENCES,2026-11,225,194,206.0
Barking and Dagenham,VIOLENCE AGAINST THE PERSON,2026-11,740,635,677.0
Barnet,ARSON AND CRIMINAL DAMAGE,2026-11,149,152,151.0
Barnet,BURGLARY,2026-11,216,171,189.0
Barnet,DRUG OFFENCES,2026-11,133,178,160.0
Barnet,MISCELLANEOUS CRIMES AGAINST SOCIETY,2026-11,54,34,42.0
Barnet,POSSESSION OF WEAPONS,2026-11,18,12,14.0
Barnet,PUBLIC ORDER OFFENCES,2026-11,203,157,175.0
Barnet,ROBBERY,2026-11,73,63,67.0
Barnet,SEXUAL OFFENCES,2026-11,67,67,67.0
Barnet,THEFT,2026-11,705,612,649.0
Barnet,VEHICLE OFFENCES,2026-11,352,366,360.0
Barnet,VIOLENCE AGAINST THE PERSON,2026-11,707,583,633.0
Bexley,ARSON AND CRIMINAL DAMAGE,2026-11,112,165,144.0
Bexley,BURGLARY,2026-11,83,89,87.0
Bexley,DRUG OFFENCES,2026-11,54,76,67.0
Bexley,MISCELLANEOUS CRIMES AGAINST SOCIETY,2026-11,21,17,19.0
Bexley,POSSESSION OF WEAPONS,2026-11,15,14,14.0
Bexley,PUBLIC ORDER OFFENCES,2026-11,111,99,104.0
Bexley,ROBBERY,2026-11,51,17,31.0
Bexley,SEXUAL OFFENCES,2026-11,30,43,38.0
Bexley,THEFT,2026-11,270,235,249.0
Bexley,VEHICLE OFFENCES,2026-11,131,132,132.0
Bexley,VIOLENCE AGAINST THE PERSON,2026-11,529,422,465.0
Brent,ARSON AND CRIMINAL DAMAGE,2026-11,165,165,165.0
Brent,BURGLARY,2026-11,181,189,186.0
Brent,DRUG OFFENCES,2026-11,225,262,247.0
Brent,MISCELLANEOUS CRIMES AGAINST SOCIETY,2026-11,55,30,40.0
Brent,POSSESSION OF WEAPONS,2026-11,22,14,17.0
Brent,PUBLIC ORDER OFFENCES,2026-11,165,171,169.0
Brent,ROBBERY,2026-11,69,95,85.0
Brent,SEXUAL OFFENCES,2026-11,72,55,62.0
Brent,THEFT,2026-11,699,686,691.0
Brent,VEHICLE OFFENCES,2026-11,202,266,240.0
Brent,VIOLENCE AGAINST THE PERSON,2026-11,850,764,798.0
Bromley,ARSON AND CRIMINAL DAMAGE,2026-11,178,177,177.0
Bromley,BURGLARY,2026-11,153,145,148.0
Bromley,DRUG OFFENCES,2026-11,122,81,97.0
Bromley,MISCELLANEOUS CRIMES AGAINST SOCIETY,2026-11,39,39,39.0
Bromley,POSSESSION OF WEAPONS,2026-11,18,22,20.0
Bromley,PUBLIC ORDER OFFENCES,2026-11,136,123,128.0
Bromley,ROBBERY,2026-11,59,76,69.0
Bromley,SEXUAL OFFENCES,2026-11,72,70,71.0
Bromley,THEFT,2026-11,512,415,454.0
Bromley,VEHICLE OFFENCES,2026-11,322,297,307.0
Bromley,VIOLENCE AGAINST THE PERSON,2026-11,574,557,564.0
Camden,ARSON AND CRIMINAL DAMAGE,2026-11,109,127,120.0
Camden,BURGLARY,2026-11,204,231,220.0
Camden,DRUG OFFENCES,2026-11,145,171,161.0
Camden,MISCELLANEOUS CRIMES AGAINST SOCIETY,2026-11,34,14,22.0
Camden,POSSESSION OF WEAPONS,2026-11,25,14,18.0
Camden,PUBLIC ORDER OFFENCES,2026-11,232,207,217.0
Camden,ROBBERY,2026-11,140,120,128.0
Camden,SEXUAL OFFENCES,2026-11,100,85,91.0
Camden,THEFT,2026-11,1624,1637,1632.0
Camden,VEHICLE OFFENCES,2026-11,182,208,198.0
Camden,VIOLENCE AGAINST THE PERSON,2026-11,699,660,676.0
Croydon,ARSON AND CRIMINAL DAMAGE,2026-11,216,192,202.0
Croydon,BURGLARY,2026-11,128,155,144.0
Croydon,DRUG OFFENCES,2026-11,236,172,198.0
Croydon,MISCELLANEOUS CRIMES AGAINST SOCIETY,2026-11,40,32,35.0
Croydon,POSSESSION OF WEAPONS,2026-11,43,35,38.0
Croydon,PUBLIC ORDER OFFENCES,2026-11,158,193,179.0
Croydon,ROBBERY,2026-11,65,78,73.0
Croydon,SEXUAL OFFENCES,2026-11,118,106,111.0
Croydon,THEFT,2026-11,633,543,579.0
Croydon,VEHICLE OFFENCES,2026-11,360,260,300.0
Croydon,VIOLENCE AGAINST THE PERSON,2026-11,1004,890,936.0
Ealing,ARSON AND CRIMINAL DAMAGE,2026-11,181,193,188.0
Ealing,BURGLARY,2026-11,202,201,201.0
Ealing,DRUG OFFENCES,2026-11,111,241,189.0
Ealing,MISCELLANEOUS CRIMES AGAINST SOCIETY,2026-11,44,26,33.0
Ealing,POSSESSION OF WEAPONS,2026-11,25,17,20.0
Ealing,PUBLIC ORDER OFFENCES,2026-11,221,170,190.0
Ealing,ROBBERY,2026-11,69,71,70.0
Ealing,SEXUAL OFFENCES,2026-11,79,87,84.0
Ealing,THEFT,2026-11,710,581,633.0
Ealing,VEHICLE OFFENCES,2026-11,359,374,368.0
Ealing,VIOLENCE AGAINST THE PERSON,2026-11,964,827,882.0
Enfield,ARSON AND CRIMINAL DAMAGE,2026-11,186,168,175.0
Enfield,BURGLARY,2026-11,184,189,187.0
Enfield,DRUG OFFENCES,2026-11,174,150,160.0
Enfield,MISCELLANEOUS CRIMES AGAINST SOCIETY,2026-11,41,42,42.0
Enfield,POSSESSION OF WEAPONS,2026-11,29,18,22.0
Enfield,PUBLIC ORDER OFFENCES,2026-11,154,137,144.0
Enfield,ROBBERY,2026-11,112,79,92.0
Enfield,SEXUAL OFFENCES,2026-11,91,72,80.0
Enfield,THEFT,2026-11,642,520,569.0
Enfield,VEHICLE OFFENCES,2026-11,356,338,345.0
Enfield,VIOLENCE AGAINST THE PERSON,2026-11,749,706,723.0
Greenwich,ARSON AND CRIMINAL DAMAGE,2026-11,144,161,154.0
Greenwich,BURGLARY,2026-11,148,119,131.0
Greenwich,DRUG OFFENCES,2026-11,139,131,134.0
Greenwich,MISCELLANEOUS CRIMES AGAINST SOCIETY,2026-11,56,46,50.0
Greenwich,POSSESSION OF WEAPONS,2026-11,26,18,21.0
Greenwich,PUBLIC ORDER OFFENCES,2026-11,156,161,159.0
Greenwich,ROBBERY,2026-11,105,78,89.0
Greenwich,SEXUAL OFFENCES,2026-11,85,85,85.0
Greenwich,THEFT,2026-11,513,514,514.0
Greenwich,VEHICLE OFFENCES,2026-11,214,205,209.0
Greenwich,VIOLENCE AGAINST THE PERSON,2026-11,839,708,760.0
Hackney,ARSON AND CRIMINAL DAMAGE,2026-11,122,139,132.0
Hackney,BURGLARY,2026-11,149,147,148.0
Hackney,DRUG OFFENCES,2026-11,174,159,165.0
Hackney,MISCELLANEOUS CRIMES AGAINST SOCIETY,2026-11,36,34,35.0
Hackney,POSSESSION OF WEAPONS,2026-11,26,26,26.0
Hackney,PUBLIC ORDER OFFENCES,2026-11,203,143,167.0
Hackney,ROBBERY,2026-11,123,166,149.0
Hackney,SEXUAL OFFENCES,2026-11,73,67,69.0
Hackney,THEFT,2026-11,1084,953,1005.0
Hackney,VEHICLE OFFENCES,2026-11,122,136,130.0
Hackney,VIOLENCE AGAINST THE PERSON,2026-11,701,639,664.0
Hammersmith and Fulham,ARSON AND CRIMINAL DAMAGE,2026-11,87,101,95.0
Hammersmith and Fulham,BURGLARY,2026-11,108,98,102.0
Hammersmith and Fulham,DRUG OFFENCES,2026-11,96,110,104.0
Hammersmith and Fulham,MISCELLANEOUS CRIMES AGAINST SOCIETY,2026-11,26,15,19.0
Hammersmith and Fulham,POSSESSION OF WEAPONS,2026-11,14,9,11.0
Hammersmith and Fulham,PUBLIC ORDER OFFENCES,2026-11,152,139,144.0
Hammersmith and Fulham,ROBBERY,2026-11,48,43,45.0
Hammersmith and Fulham,SEXUAL OFFENCES,2026-11,60,56,58.0
Hammersmith and Fulham,THEFT,2026-11,615,521,559.0
Hammersmith and Fulham,VEHICLE OFFENCES,2026-11,113,133,125.0
Hammersmith and Fulham,VIOLENCE AGAINST THE PERSON,2026-11,499,473,483.0
Haringey,ARSON AND CRIMINAL DAMAGE,2026-11,121,139,132.0
Haringey,BURGLARY,2026-11,102,106,104.0
Haringey,DRUG OFFENCES,2026-11,83,120,105.0
Haringey,MISCELLANEOUS CRIMES AGAINST SOCIETY,2026-11,28,23,25.0
Haringey,POSSESSION OF WEAPONS,2026-11,15,16,16.0
Haringey,PUBLIC ORDER OFFENCES,2026-11,167,149,156.0
Haringey,ROBBERY,2026-11,96,118,109.0
Haringey,SEXUAL OFFENCES,2026-11,109,77,90.0
Haringey,THEFT,2026-11,657,699,682.0
Haringey,VEHICLE OFFENCES,2026-11,162,325,260.0
Haringey,VIOLENCE AGAINST THE PERSON,2026-11,741,678,703.0
Harrow,ARSON AND CRIMINAL DAMAGE,2026-11,105,96,100.0
Harrow,BURGLARY,2026-11,128,122,124.0
Harrow,DRUG OFFENCES,2026-11,129,141,136.0
Harrow,MISCELLANEOUS CRIMES AGAINST SOCIETY,2026-11,19,20,20.0
Harrow,POSSESSION OF WEAPONS,2026-11,6,7,7.0
Harrow,PUBLIC ORDER OFFENCES,2026-11,83,81,82.0
Harrow,ROBBERY,2026-11,55,38,45.0
Harrow,SEXUAL OFFENCES,2026-11,53,48,50.0
Harrow,THEFT,2026-11,405,325,357.0
Harrow,VEHICLE OFFENCES,2026-11,162,155,158.0
Harrow,VIOLENCE AGAINST THE PERSON,2026-11,459,422,437.0
Havering,ARSON AND CRIMINAL DAMAGE,2026-11,155,127,138.0
Havering,BURGLARY,2026-11,82,91,87.0
Havering,DRUG OFFENCES,2026-11,103,82,90.0
Havering,MISCELLANEOUS CRIMES AGAINST SOCIETY,2026-11,35,13,22.0
Havering,POSSESSION OF WEAPONS,2026-11,21,18,19.0
Havering,PUBLIC ORDER OFFENCES,2026-11,111,87,97.0
Havering,ROBBERY,2026-11,39,65,55.0
Havering,SEXUAL OFFENCES,2026-11,52,43,47.0
Havering,THEFT,2026-11,355,308,327.0
Havering,VEHICLE OFFENCES,2026-11,216,185,197.0
Havering,VIOLENCE AGAINST THE PERSON,2026-11,548,536,541.0
Hillingdon,ARSON AND CRIMINAL DAMAGE,2026-11,182,162,170.0
Hillingdon,BURGLARY,2026-11,120,129,125.0
Hillingdon,DRUG OFFENCES,2026-11,161,225,199.0
Hillingdon,MISCELLANEOUS CRIMES AGAINST SOCIETY,2026-11,202,155,174.0
Hillingdon,POSSESSION OF WEAPONS,2026-11,29,14,20.0
Hillingdon,PUBLIC ORDER OFFENCES,2026-11,177,150,161.0
Hillingdon,ROBBERY,2026-11,71,64,67.0
Hillingdon,SEXUAL OFFENCES,2026-11,78,82,80.0
Hillingdon,THEFT,2026-11,730,699,711.0
Hillingdon,VEHICLE OFFENCES,2026-11,287,342,320.0
Hillingdon,VIOLENCE AGAINST THE PERSON,2026-11,755,665,701.0
Hounslow,ARSON AND CRIMINAL DAMAGE,2026-11,158,171,166.0
Hounslow,BURGLARY,2026-11,125,136,132.0
Hounslow,DRUG OFFENCES,2026-11,97,121,111.0
Hounslow,MISCELLANEOUS CRIMES AGAINST SOCIETY,2026-11,51,33,40.0
Hounslow,POSSESSION OF WEAPONS,2026-11,20,21,21.0
Hounslow,PUBLIC ORDER OFFENCES,2026-11,156,158,157.0
Hounslow,ROBBERY,2026-11,33,34,34.0
Hounslow,SEXUAL OFFENCES,2026-11,56,65,61.0
Hounslow,THEFT,2026-11,513,504,508.0
Hounslow,VEHICLE OFFENCES,2026-11,209,239,227.0
Hounslow,VIOLENCE AGAINST THE PERSON,2026-11,888,786,827.0
Islington,ARSON AND CRIMINAL DAMAGE,2026-11,124,130,128.0
Islington,BURGLARY,2026-11,133,137,135.0
Islington,DRUG OFFENCES,2026-11,123,166,149.0
Islington,MISCELLANEOUS CRIMES AGAINST SOCIETY,2026-11,22,21,21.0
Islington,POSSESSION OF WEAPONS,2026-11,23,21,22.0
Islington,PUBLIC ORDER OFFENCES,2026-11,203,163,179.0
Islington,ROBBERY,2026-11,127,94,107.0
Islington,SEXUAL OFFENCES,2026-11,96,75,83.0
Islington,THEFT,2026-11,1207,953,1055.0
Islington,VEHICLE OFFENCES,2026-11,102,135,122.0
Islington,VIOLENCE AGAINST THE PERSON,2026-11,713,633,665.0
Kensington and Chelsea,ARSON AND CRIMINAL DAMAGE,2026-11,99,85,91.0
Kensington and Chelsea,BURGLARY,2026-11,93,103,99.0
Kensington and Chelsea,DRUG OFFENCES,2026-11,54,68,62.0
Kensington and Chelsea,MISCELLANEOUS CRIMES AGAINST SOCIETY,2026-11,19,7,12.0
Kensington and Chelsea,POSSESSION OF WEAPONS,2026-11,5,10,8.0
Kensington and Chelsea,PUBLIC ORDER OFFENCES,2026-11,106,96,100.0
Kensington and Chelsea,ROBBERY,2026-11,49,48,48.0
Kensington and Chelsea,SEXUAL OFFENCES,2026-11,45,44,44.0
Kensington and Chelsea,THEFT,2026-11,661,729,702.0
Kensington and Chelsea,VEHICLE OFFENCES,2026-11,175,198,189.0
Kensington and Chelsea,VIOLENCE AGAINST THE PERSON,2026-11,343,331,336.0
Kingston upon Thames,ARSON AND CRIMINAL DAMAGE,2026-11,80,87,84.0
Kingston upon Thames,BURGLARY,2026-11,46,69,60.0
Kingston upon Thames,DRUG OFFENCES,2026-11,44,58,52.0
Kingston upon Thames,MISCELLANEOUS CRIMES AGAINST SOCIETY,2026-11,19,13,15.0
Kingston upon Thames,POSSESSION OF WEAPONS,2026-11,7,6,6.0
Kingston upon Thames,PUBLIC ORDER OFFENCES,2026-11,51,48,49.0
Kingston upon Thames,ROBBERY,2026-11,27,19,22.0
Kingston upon Thames,SEXUAL OFFENCES,2026-11,42,42,42.0
Kingston upon Thames,THEFT,2026-11,243,289,271.0
Kingston upon Thames,VEHICLE OFFENCES,2026-11,95,120,110.0
Kingston upon Thames,VIOLENCE AGAINST THE PERSON,2026-11,343,319,329.0
Lambeth,ARSON AND CRIMINAL DAMAGE,2026-11,141,161,153.0
Lambeth,BURGLARY,2026-11,134,140,138.0
Lambeth,DRUG OFFENCES,2026-11,132,143,139.0
Lambeth,MISCELLANEOUS CRIMES AGAINST SOCIETY,2026-11,52,45,48.0
Lambeth,POSSESSION OF WEAPONS,2026-11,41,30,34.0
Lambeth,PUBLIC ORDER OFFENCES,2026-11,189,175,181.0
Lambeth,ROBBERY,2026-11,186,177,181.0
Lambeth,SEXUAL OFFENCES,2026-11,105,85,93.0
Lambeth,THEFT,2026-11,1293,1186,1229.0
Lambeth,VEHICLE OFFENCES,2026-11,134,188,166.0
Lambeth,VIOLENCE AGAINST THE PERSON,2026-11,857,764,801.0
Lewisham,ARSON AND CRIMINAL DAMAGE,2026-11,160,174,168.0
Lewisham,BURGLARY,2026-11,143,136,139.0
Lewisham,DRUG OFFENCES,2026-11,201,159,176.0
Lewisham,MISCELLANEOUS CRIMES AGAINST SOCIETY,2026-11,37,34,35.0
Lewisham,POSSESSION OF WEAPONS,2026-11,43,33,37.0
Lewisham,PUBLIC ORDER OFFENCES,2026-11,176,149,160.0
Lewisham,ROBBERY,2026-11,108,108,108.0
Lewisham,SEXUAL OFFENCES,2026-11,113,95,102.0
Lewisham,THEFT,2026-11,642,560,593.0
Lewisham,VEHICLE OFFENCES,2026-11,205,214,210.0
Lewisham,VIOLENCE AGAINST THE PERSON,2026-11,913,823,859.0
Merton,ARSON AND CRIMINAL DAMAGE,2026-11,65,82,75.0
Merton,BURGLARY,2026-11,63,65,64.0
Merton,DRUG OFFENCES,2026-11,70,76,74.0
Merton,MISCELLANEOUS CRIMES AGAINST SOCIETY,2026-11,22,19,20.0
Merton,POSSESSION OF WEAPONS,2026-11,0,6,4.0
Merton,PUBLIC ORDER OFFENCES,2026-11,56,56,56.0
Merton,ROBBERY,2026-11,26,30,28.0
Merton,SEXUAL OFFENCES,2026-11,46,52,50.0
Merton,THEFT,2026-11,276,235,251.0
Merton,VEHICLE OFFENCES,2026-11,106,117,113.0
Merton,VIOLENCE AGAINST THE PERSON,2026-11,385,372,377.0
Newham,ARSON AND CRIMINAL DAMAGE,2026-11,158,141,148.0
Newham,BURGLARY,2026-11,195,147,166.0
Newham,DRUG OFFENCES,2026-11,260,181,213.0
Newham,MISCELLANEOUS CRIMES AGAINST SOCIETY,2026-11,50,37,42.0
Newham,POSSESSION OF WEAPONS,2026-11,42,21,29.0
Newham,PUBLIC ORDER OFFENCES,2026-11,189,180,184.0
Newham,ROBBERY,2026-11,139,157,150.0
Newham,SEXUAL OFFENCES,2026-11,103,101,102.0
Newham,THEFT,2026-11,1122,1167,1149.0
Newham,VEHICLE OFFENCES,2026-11,479,432,451.0
Newham,VIOLENCE AGAINST THE PERSON,2026-11,991,900,936.0
Redbridge,ARSON AND CRIMINAL DAMAGE,2026-11,118,118,118.0
Redbridge,BURGLARY,2026-11,105,105,105.0
Redbridge,DRUG OFFENCES,2026-11,93,71,80.0
Redbridge,MISCELLANEOUS CRIMES AGAINST SOCIETY,2026-11,32,34,33.0
Redbridge,POSSESSION OF WEAPONS,2026-11,13,16,15.0
Redbridge,PUBLIC ORDER OFFENCES,2026-11,143,112,124.0
Redbridge,ROBBERY,2026-11,66,82,76.0
Redbridge,SEXUAL OFFENCES,2026-11,50,63,58.0
Redbridge,THEFT,2026-11,513,483,495.0
Redbridge,VEHICLE OFFENCES,2026-11,227,242,236.0
Redbridge,VIOLENCE AGAINST THE PERSON,2026-11,771,705,731.0
Richmond upon Thames,ARSON AND CRIMINAL DAMAGE,2026-11,73,87,81.0
Richmond upon Thames,BURGLARY,2026-11,34,59,49.0
Richmond upon Thames,DRUG OFFENCES,2026-11,15,42,31.0
Richmond upon Thames,MISCELLANEOUS CRIMES AGAINST SOCIETY,2026-11,13,12,12.0
Richmond upon Thames,POSSESSION OF WEAPONS,2026-11,1,4,3.0
Richmond upon Thames,PUBLIC ORDER OFFENCES,2026-11,54,67,62.0
Richmond upon Thames,ROBBERY,2026-11,16,13,14.0
Richmond upon Thames,SEXUAL OFFENCES,2026-11,37,28,32.0
Richmond upon Thames,THEFT,2026-11,268,233,247.0
Richmond upon Thames,VEHICLE OFFENCES,2026-11,129,123,125.0
Richmond upon Thames,VIOLENCE AGAINST THE PERSON,2026-11,307,227,259.0
Southwark,ARSON AND CRIMINAL DAMAGE,2026-11,163,130,143.0
Southwark,BURGLARY,2026-11,188,192,190.0
Southwark,DRUG OFFENCES,2026-11,200,168,181.0
Southwark,MISCELLANEOUS CRIMES AGAINST SOCIETY,2026-11,38,40,39.0
Southwark,POSSESSION OF WEAPONS,2026-11,38,34,36.0
Southwark,PUBLIC ORDER OFFENCES,2026-11,191,167,177.0
Southwark,ROBBERY,2026-11,192,198,196.0
Southwark,SEXUAL OFFENCES,2026-11,82,79,80.0
Southwark,THEFT,2026-11,1659,1344,1470.0
Southwark,VEHICLE OFFENCES,2026-11,175,202,191.0
Southwark,VIOLENCE AGAINST THE PERSON,2026-11,813,742,770.0
Sutton,ARSON AND CRIMINAL DAMAGE,2026-11,95,91,93.0
Sutton,BURGLARY,2026-11,59,67,64.0
Sutton,DRUG OFFENCES,2026-11,62,66,64.0
Sutton,MISCELLANEOUS CRIMES AGAINST SOCIETY,2026-11,22,17,19.0
Sutton,POSSESSION OF WEAPONS,2026-11,10,14,12.0
Sutton,PUBLIC ORDER OFFENCES,2026-11,91,78,83.0
Sutton,ROBBERY,2026-11,25,21,23.0
Sutton,SEXUAL OFFENCES,2026-11,42,29,34.0
Sutton,THEFT,2026-11,218,213,215.0
Sutton,VEHICLE OFFENCES,2026-11,144,128,134.0
Sutton,VIOLENCE AGAINST THE PERSON,2026-11,455,439,445.0
Tower Hamlets,ARSON AND CRIMINAL DAMAGE,2026-11,178,160,167.0
Tower Hamlets,BURGLARY,2026-11,305,276,288.0
Tower Hamlets,DRUG OFFENCES,2026-11,182,226,208.0
Tower Hamlets,MISCELLANEOUS CRIMES AGAINST SOCIETY,2026-11,48,31,38.0
Tower Hamlets,POSSESSION OF WEAPONS,2026-11,36,19,26.0
Tower Hamlets,PUBLIC ORDER OFFENCES,2026-11,211,212,212.0
Tower Hamlets,ROBBERY,2026-11,123,116,119.0
Tower Hamlets,SEXUAL OFFENCES,2026-11,100,90,94.0
Tower Hamlets,THEFT,2026-11,1064,928,982.0
Tower Hamlets,VEHICLE OFFENCES,2026-11,233,211,220.0
Tower Hamlets,VIOLENCE AGAINST THE PERSON,2026-11,998,874,924.0
Waltham Forest,ARSON AND CRIMINAL DAMAGE,2026-11,129,137,134.0
Waltham Forest,BURGLARY,2026-11,97,121,111.0
Waltham Forest,DRUG OFFENCES,2026-11,121,129,126.0
Waltham Forest,MISCELLANEOUS CRIMES AGAINST SOCIETY,2026-11,37,27,31.0
Waltham Forest,POSSESSION OF WEAPONS,2026-11,26,20,22.0
Waltham Forest,PUBLIC ORDER OFFENCES,2026-11,120,101,109.0
Waltham Forest,ROBBERY,2026-11,61,71,67.0
Waltham Forest,SEXUAL OFFENCES,2026-11,80,65,71.0
Waltham Forest,THEFT,2026-11,482,522,506.0
Waltham Forest,VEHICLE OFFENCES,2026-11,244,245,245.0
Waltham Forest,VIOLENCE AGAINST THE PERSON,2026-11,652,546,588.0
Wandsworth,ARSON AND CRIMINAL DAMAGE,2026-11,147,116,128.0
Wandsworth,BURGLARY,2026-11,136,136,136.0
Wandsworth,DRUG OFFENCES,2026-11,104,85,93.0
Wandsworth,MISCELLANEOUS CRIMES AGAINST SOCIETY,2026-11,33,32,32.0
Wandsworth,POSSESSION OF WEAPONS,2026-11,25,11,17.0
Wandsworth,PUBLIC ORDER OFFENCES,2026-11,156,137,145.0
Wandsworth,ROBBERY,2026-11,55,49,51.0
Wandsworth,SEXUAL OFFENCES,2026-11,74,65,69.0
Wandsworth,THEFT,2026-11,576,636,612.0
Wandsworth,VEHICLE OFFENCES,2026-11,151,233,200.0
Wandsworth,VIOLENCE AGAINST THE PERSON,2026-11,634,609,619.0
Westminster,ARSON AND CRIMINAL DAMAGE,2026-11,193,199,197.0
Westminster,BURGLARY,2026-11,186,226,210.0
Westminster,DRUG OFFENCES,2026-11,238,264,254.0
Westminster,MISCELLANEOUS CRIMES AGAINST SOCIETY,2026-11,46,37,41.0
Westminster,POSSESSION OF WEAPONS,2026-11,47,35,40.0
Westminster,PUBLIC ORDER OFFENCES,2026-11,341,296,314.0
Westminster,ROBBERY,2026-11,219,279,255.0
Westminster,SEXUAL OFFENCES,2026-11,103,98,100.0
Westminster,THEFT,2026-11,4272,4815,4598.0
Westminster,VEHICLE OFFENCES,2026-11,199,283,249.0
Westminster,VIOLENCE AGAINST THE PERSON,2026-11,964,956,959.0
Barking and Dagenham,ARSON AND CRIMINAL DAMAGE,2026-12,120,132,127.0
Barking and Dagenham,BURGLARY,2026-12,101,98,99.0
Barking and Dagenham,DRUG OFFENCES,2026-12,104,115,111.0
Barking and Dagenham,MISCELLANEOUS CRIMES AGAINST SOCIETY,2026-12,37,24,29.0
Barking and Dagenham,POSSESSION OF WEAPONS,2026-12,12,11,11.0
Barking and Dagenham,PUBLIC ORDER OFFENCES,2026-12,102,88,94.0
Barking and Dagenham,ROBBERY,2026-12,72,71,71.0
Barking and Dagenham,SEXUAL OFFENCES,2026-12,89,52,67.0
Barking and Dagenham,THEFT,2026-12,255,275,267.0
Barking and Dagenham,VEHICLE OFFENCES,2026-12,159,164,162.0
Barking and Dagenham,VIOLENCE AGAINST THE PERSON,2026-12,716,592,642.0
Barnet,ARSON AND CRIMINAL DAMAGE,2026-12,135,138,137.0
Barnet,BURGLARY,2026-12,243,197,215.0
Barnet,DRUG OFFENCES,2026-12,99,131,118.0
Barnet,MISCELLANEOUS CRIMES AGAINST SOCIETY,2026-12,51,31,39.0
Barnet,POSSESSION OF WEAPONS,2026-12,16,11,13.0
Barnet,PUBLIC ORDER OFFENCES,2026-12,167,128,144.0
Barnet,ROBBERY,2026-12,69,72,71.0
Barnet,SEXUAL OFFENCES,2026-12,70,85,79.0
Barnet,THEFT,2026-12,658,599,623.0
Barnet,VEHICLE OFFENCES,2026-12,264,292,281.0
Barnet,VIOLENCE AGAINST THE PERSON,2026-12,751,691,715.0
Bexley,ARSON AND CRIMINAL DAMAGE,2026-12,85,133,114.0
Bexley,BURGLARY,2026-12,65,60,62.0
Bexley,DRUG OFFENCES,2026-12,62,117,95.0
Bexley,MISCELLANEOUS CRIMES AGAINST SOCIETY,2026-12,20,26,24.0
Bexley,POSSESSION OF WEAPONS,2026-12,14,9,11.0
Bexley,PUBLIC ORDER OFFENCES,2026-12,114,84,96.0
Bexley,ROBBERY,2026-12,53,28,38.0
Bexley,SEXUAL OFFENCES,2026-12,26,39,34.0
Bexley,THEFT,2026-12,211,191,199.0
Bexley,VEHICLE OFFENCES,2026-12,120,149,137.0
Bexley,VIOLENCE AGAINST THE PERSON,2026-12,545,476,504.0
Brent,ARSON AND CRIMINAL DAMAGE,2026-12,149,142,145.0
Brent,BURGLARY,2026-12,171,148,157.0
Brent,DRUG OFFENCES,2026-12,166,179,174.0
Brent,MISCELLANEOUS CRIMES AGAINST SOCIETY,2026-12,57,28,40.0
Brent,POSSESSION OF WEAPONS,2026-12,27,23,25.0
Brent,PUBLIC ORDER OFFENCES,2026-12,124,161,146.0
Brent,ROBBERY,2026-12,77,108,96.0
Brent,SEXUAL OFFENCES,2026-12,92,90,91.0
Brent,THEFT,2026-12,642,652,648.0
Brent,VEHICLE OFFENCES,2026-12,171,207,193.0
Brent,VIOLENCE AGAINST THE PERSON,2026-12,844,745,785.0
Bromley,ARSON AND CRIMINAL DAMAGE,2026-12,126,147,139.0
Bromley,BURGLARY,2026-12,157,125,138.0
Bromley,DRUG OFFENCES,2026-12,130,125,127.0
Bromley,MISCELLANEOUS CRIMES AGAINST SOCIETY,2026-12,37,36,36.0
Bromley,POSSESSION OF WEAPONS,2026-12,8,9,9.0
Bromley,PUBLIC ORDER OFFENCES,2026-12,142,113,125.0
Bromley,ROBBERY,2026-12,51,53,52.0
Bromley,SEXUAL OFFENCES,2026-12,58,68,64.0
Bromley,THEFT,2026-12,509,421,456.0
Bromley,VEHICLE OFFENCES,2026-12,257,228,240.0
Bromley,VIOLENCE AGAINST THE PERSON,2026-12,591,588,589.0
Camden,ARSON AND CRIMINAL DAMAGE,2026-12,98,122,112.0
Camden,BURGLARY,2026-12,191,209,202.0
Camden,DRUG OFFENCES,2026-12,141,143,142.0
Camden,MISCELLANEOUS CRIMES AGAINST SOCIETY,2026-12,37,23,29.0
Camden,POSSESSION OF WEAPONS,2026-12,21,8,13.0
Camden,PUBLIC ORDER OFFENCES,2026-12,208,181,192.0
Camden,ROBBERY,2026-12,124,98,108.0
Camden,SEXUAL OFFENCES,2026-12,85,58,69.0
Camden,THEFT,2026-12,1507,1598,1562.0
Camden,VEHICLE OFFENCES,2026-12,173,190,183.0
Camden,VIOLENCE AGAINST THE PERSON,2026-12,713,611,652.0
Croydon,ARSON AND CRIMINAL DAMAGE,2026-12,223,205,212.0
Croydon,BURGLARY,2026-12,147,154,151.0
Croydon,DRUG OFFENCES,2026-12,271,167,209.0
Croydon,MISCELLANEOUS CRIMES AGAINST SOCIETY,2026-12,49,28,36.0
Croydon,POSSESSION OF WEAPONS,2026-12,36,21,27.0
Croydon,PUBLIC ORDER OFFENCES,2026-12,145,172,161.0
Croydon,ROBBERY,2026-12,61,90,78.0
Croydon,SEXUAL OFFENCES,2026-12,106,94,99.0
Croydon,THEFT,2026-12,595,524,552.0
Croydon,VEHICLE OFFENCES,2026-12,348,248,288.0
Croydon,VIOLENCE AGAINST THE PERSON,2026-12,986,917,945.0
Ealing,ARSON AND CRIMINAL DAMAGE,2026-12,153,178,168.0
Ealing,BURGLARY,2026-12,200,196,198.0
Ealing,DRUG OFFENCES,2026-12,69,149,117.0
Ealing,MISCELLANEOUS CRIMES AGAINST SOCIETY,2026-12,42,26,32.0
Ealing,POSSESSION OF WEAPONS,2026-12,25,23,24.0
Ealing,PUBLIC ORDER OFFENCES,2026-12,209,170,186.0
Ealing,ROBBERY,2026-12,68,62,64.0
Ealing,SEXUAL OFFENCES,2026-12,73,76,75.0
Ealing,THEFT,2026-12,610,518,555.0
Ealing,VEHICLE OFFENCES,2026-12,327,333,331.0
Ealing,VIOLENCE AGAINST THE PERSON,2026-12,912,815,854.0
Enfield,ARSON AND CRIMINAL DAMAGE,2026-12,159,156,157.0
Enfield,BURGLARY,2026-12,176,181,179.0
Enfield,DRUG OFFENCES,2026-12,157,137,145.0
Enfield,MISCELLANEOUS CRIMES AGAINST SOCIETY,2026-12,35,33,34.0
Enfield,POSSESSION OF WEAPONS,2026-12,26,16,20.0
Enfield,PUBLIC ORDER OFFENCES,2026-12,135,126,130.0
Enfield,ROBBERY,2026-12,101,80,88.0
Enfield,SEXUAL OFFENCES,2026-12,80,62,69.0
Enfield,THEFT,2026-12,596,522,552.0
Enfield,VEHICLE OFFENCES,2026-12,283,269,275.0
Enfield,VIOLENCE AGAINST THE PERSON,2026-12,756,692,718.0
Greenwich,ARSON AND CRIMINAL DAMAGE,2026-12,128,131,130.0
Greenwich,BURGLARY,2026-12,122,97,107.0
Greenwich,DRUG OFFENCES,2026-12,123,137,131.0
Greenwich,MISCELLANEOUS CRIMES AGAINST SOCIETY,2026-12,47,34,39.0
Greenwich,POSSESSION OF WEAPONS,2026-12,24,17,20.0
Greenwich,PUBLIC ORDER OFFENCES,2026-12,147,135,140.0
Greenwich,ROBBERY,2026-12,99,81,88.0
Greenwich,SEXUAL OFFENCES,2026-12,73,69,71.0
Greenwich,THEFT,2026-12,466,493,482.0
Greenwich,VEHICLE OFFENCES,2026-12,206,204,205.0
Greenwich,VIOLENCE AGAINST THE PERSON,2026-12,883,778,820.0
Hackney,ARSON AND CRIMINAL DAMAGE,2026-12,112,121,117.0
Hackney,BURGLARY,2026-12,123,133,129.0
Hackney,DRUG OFFENCES,2026-12,176,188,183.0
Hackney,MISCELLANEOUS CRIMES AGAINST SOCIETY,2026-12,31,24,27.0
Hackney,POSSESSION OF WEAPONS,2026-12,29,28,28.0
Hackney,PUBLIC ORDER OFFENCES,2026-12,186,158,169.0
Hackney,ROBBERY,2026-12,91,120,108.0
Hackney,SEXUAL OFFENCES,2026-12,71,70,70.0
Hackney,THEFT,2026-12,1017,973,991.0
Hackney,VEHICLE OFFENCES,2026-12,99,154,132.0
Hackney,VIOLENCE AGAINST THE PERSON,2026-12,721,661,685.0
Hammersmith and Fulham,ARSON AND CRIMINAL DAMAGE,2026-12,77,84,81.0
Hammersmith and Fulham,BURGLARY,2026-12,99,71,82.0
Hammersmith and Fulham,DRUG OFFENCES,2026-12,96,109,104.0
Hammersmith and Fulham,MISCELLANEOUS CRIMES AGAINST SOCIETY,2026-12,29,24,26.0
Hammersmith and Fulham,POSSESSION OF WEAPONS,2026-12,11,7,9.0
Hammersmith and Fulham,PUBLIC ORDER OFFENCES,2026-12,134,132,133.0
Hammersmith and Fulham,ROBBERY,2026-12,39,46,43.0
Hammersmith and Fulham,SEXUAL OFFENCES,2026-12,59,48,52.0
Hammersmith and Fulham,THEFT,2026-12,579,544,558.0
Hammersmith and Fulham,VEHICLE OFFENCES,2026-12,135,133,134.0
Hammersmith and Fulham,VIOLENCE AGAINST THE PERSON,2026-12,482,478,480.0
Haringey,ARSON AND CRIMINAL DAMAGE,2026-12,115,129,123.0
Haringey,BURGLARY,2026-12,120,129,125.0
Haringey,DRUG OFFENCES,2026-12,102,157,135.0
Haringey,MISCELLANEOUS CRIMES AGAINST SOCIETY,2026-12,20,19,19.0
Haringey,POSSESSION OF WEAPONS,2026-12,24,22,23.0
Haringey,PUBLIC ORDER OFFENCES,2026-12,147,110,125.0
Haringey,ROBBERY,2026-12,100,105,103.0
Haringey,SEXUAL OFFENCES,2026-12,83,69,75.0
Haringey,THEFT,2026-12,570,597,586.0
Haringey,VEHICLE OFFENCES,2026-12,103,212,168.0
Haringey,VIOLENCE AGAINST THE PERSON,2026-12,724,650,680.0
Harrow,ARSON AND CRIMINAL DAMAGE,2026-12,87,75,80.0
Harrow,BURGLARY,2026-12,124,106,113.0
Harrow,DRUG OFFENCES,2026-12,85,82,83.0
Harrow,MISCELLANEOUS CRIMES AGAINST SOCIETY,2026-12,18,11,14.0
Harrow,POSSESSION OF WEAPONS,2026-12,9,9,9.0
Harrow,PUBLIC ORDER OFFENCES,2026-12,89,83,85.0
Harrow,ROBBERY,2026-12,58,39,47.0
Harrow,SEXUAL OFFENCES,2026-12,48,33,39.0
Harrow,THEFT,2026-12,360,327,340.0
Harrow,VEHICLE OFFENCES,2026-12,134,134,134.0
Harrow,VIOLENCE AGAINST THE PERSON,2026-12,469,388,420.0
Havering,ARSON AND CRIMINAL DAMAGE,2026-12,123,126,125.0
Havering,BURGLARY,2026-12,73,92,84.0
Havering,DRUG OFFENCES,2026-12,96,110,104.0
Havering,MISCELLANEOUS CRIMES AGAINST SOCIETY,2026-12,38,31,34.0
Havering,POSSESSION OF WEAPONS,2026-12,21,17,19.0
Havering,PUBLIC ORDER OFFENCES,2026-12,93,91,92.0
Havering,ROBBERY,2026-12,41,58,51.0
Havering,SEXUAL OFFENCES,2026-12,45,35,39.0
Havering,THEFT,2026-12,360,356,358.0
Havering,VEHICLE OFFENCES,2026-12,185,173,178.0
Havering,VIOLENCE AGAINST THE PERSON,2026-12,552,534,541.0
Hillingdon,ARSON AND CRIMINAL DAMAGE,2026-12,165,170,168.0
Hillingdon,BURGLARY,2026-12,117,120,119.0
Hillingdon,DRUG OFFENCES,2026-12,105,122,115.0
Hillingdon,MISCELLANEOUS CRIMES AGAINST SOCIETY,2026-12,182,132,152.0
Hillingdon,POSSESSION OF WEAPONS,2026-12,21,14,17.0
Hillingdon,PUBLIC ORDER OFFENCES,2026-12,162,142,150.0
Hillingdon,ROBBERY,2026-12,69,59,63.0
Hillingdon,SEXUAL OFFENCES,2026-12,72,74,73.0
Hillingdon,THEFT,2026-12,659,654,656.0
Hillingdon,VEHICLE OFFENCES,2026-12,251,279,268.0
Hillingdon,VIOLENCE AGAINST THE PERSON,2026-12,807,749,772.0
Hounslow,ARSON AND CRIMINAL DAMAGE,2026-12,122,134,129.0
Hounslow,BURGLARY,2026-12,130,106,116.0
Hounslow,DRUG OFFENCES,2026-12,72,111,95.0
Hounslow,MISCELLANEOUS CRIMES AGAINST SOCIETY,2026-12,50,31,39.0
Hounslow,POSSESSION OF WEAPONS,2026-12,18,20,19.0
Hounslow,PUBLIC ORDER OFFENCES,2026-12,148,144,146.0
Hounslow,ROBBERY,2026-12,46,46,46.0
Hounslow,SEXUAL OFFENCES,2026-12,63,68,66.0
Hounslow,THEFT,2026-12,480,482,481.0
Hounslow,VEHICLE OFFENCES,2026-12,193,205,200.0
Hounslow,VIOLENCE AGAINST THE PERSON,2026-12,839,691,750.0
Islington,ARSON AND CRIMINAL DAMAGE,2026-12,115,95,103.0
Islington,BURGLARY,2026-12,122,123,123.0
Islington,DRUG OFFENCES,2026-12,146,165,157.0
Islington,MISCELLANEOUS CRIMES AGAINST SOCIETY,2026-12,26,31,29.0
Islington,POSSESSION OF WEAPONS,2026-12,17,10,13.0
Islington,PUBLIC ORDER OFFENCES,2026-12,197,151,169.0
Islington,ROBBERY,2026-12,135,96,112.0
Islington,SEXUAL OFFENCES,2026-12,81,54,65.0
Islington,THEFT,2026-12,1117,952,1018.0
Islington,VEHICLE OFFENCES,2026-12,112,146,132.0
Islington,VIOLENCE AGAINST THE PERSON,2026-12,691,564,615.0
Kensington and Chelsea,ARSON AND CRIMINAL DAMAGE,2026-12,110,100,104.0
Kensington and Chelsea,BURGLARY,2026-12,108,105,106.0
Kensington and Chelsea,DRUG OFFENCES,2026-12,51,67,61.0
Kensington and Chelsea,MISCELLANEOUS CRIMES AGAINST SOCIETY,2026-12,19,11,14.0
Kensington and Chelsea,POSSESSION OF WEAPONS,2026-12,1,5,3.0
Kensington and Chelsea,PUBLIC ORDER OFFENCES,2026-12,99,98,98.0
Kensington and Chelsea,ROBBERY,2026-12,43,41,42.0
Kensington and Chelsea,SEXUAL OFFENCES,2026-12,36,41,39.0
Kensington and Chelsea,THEFT,2026-12,621,706,672.0
Kensington and Chelsea,VEHICLE OFFENCES,2026-12,154,181,170.0
Kensington and Chelsea,VIOLENCE AGAINST THE PERSON,2026-12,339,361,352.0
Kingston upon Thames,ARSON AND CRIMINAL DAMAGE,2026-12,55,58,57.0
Kingston upon Thames,BURGLARY,2026-12,32,41,37.0
Kingston upon Thames,DRUG OFFENCES,2026-12,32,57,47.0
Kingston upon Thames,MISCELLANEOUS CRIMES AGAINST SOCIETY,2026-12,16,8,11.0
Kingston upon Thames,POSSESSION OF WEAPONS,2026-12,6,8,7.0
Kingston upon Thames,PUBLIC ORDER OFFENCES,2026-12,57,55,56.0
Kingston upon Thames,ROBBERY,2026-12,17,15,16.0
Kingston upon Thames,SEXUAL OFFENCES,2026-12,28,37,33.0
Kingston upon Thames,THEFT,2026-12,247,286,270.0
Kingston upon Thames,VEHICLE OFFENCES,2026-12,79,93,87.0
Kingston upon Thames,VIOLENCE AGAINST THE PERSON,2026-12,340,319,327.0
Lambeth,ARSON AND CRIMINAL DAMAGE,2026-12,159,177,170.0
Lambeth,BURGLARY,2026-12,155,185,173.0
Lambeth,DRUG OFFENCES,2026-12,145,146,146.0
Lambeth,MISCELLANEOUS CRIMES AGAINST SOCIETY,2026-12,44,35,39.0
Lambeth,POSSESSION OF WEAPONS,2026-12,41,30,34.0
Lambeth,PUBLIC ORDER OFFENCES,2026-12,163,172,168.0
Lambeth,ROBBERY,2026-12,153,136,143.0
Lambeth,SEXUAL OFFENCES,2026-12,101,87,93.0
Lambeth,THEFT,2026-12,1231,1090,1146.0
Lambeth,VEHICLE OFFENCES,2026-12,179,198,190.0
Lambeth,VIOLENCE AGAINST THE PERSON,2026-12,859,781,812.0
Lewisham,ARSON AND CRIMINAL DAMAGE,2026-12,157,165,162.0
Lewisham,BURGLARY,2026-12,145,138,141.0
Lewisham,DRUG OFFENCES,2026-12,170,138,151.0
Lewisham,MISCELLANEOUS CRIMES AGAINST SOCIETY,2026-12,41,34,37.0
Lewisham,POSSESSION OF WEAPONS,2026-12,40,31,35.0
Lewisham,PUBLIC ORDER OFFENCES,2026-12,174,135,151.0
Lewisham,ROBBERY,2026-12,85,101,95.0
Lewisham,SEXUAL OFFENCES,2026-12,105,91,97.0
Lewisham,THEFT,2026-12,574,532,549.0
Lewisham,VEHICLE OFFENCES,2026-12,187,196,192.0
Lewisham,VIOLENCE AGAINST THE PERSON,2026-12,916,778,833.0
Merton,ARSON AND CRIMINAL DAMAGE,2026-12,54,80,70.0
Merton,BURGLARY,2026-12,64,71,68.0
Merton,DRUG OFFENCES,2026-12,73,92,84.0
Merton,MISCELLANEOUS CRIMES AGAINST SOCIETY,2026-12,21,14,17.0
Merton,POSSESSION OF WEAPONS,2026-12,0,7,4.0
Merton,PUBLIC ORDER OFFENCES,2026-12,71,72,72.0
Merton,ROBBERY,2026-12,35,37,36.0
Merton,SEXUAL OFFENCES,2026-12,49,57,54.0
Merton,THEFT,2026-12,220,244,234.0
Merton,VEHICLE OFFENCES,2026-12,82,102,94.0
Merton,VIOLENCE AGAINST THE PERSON,2026-12,417,390,401.0
Newham,ARSON AND CRIMINAL DAMAGE,2026-12,159,162,161.0
Newham,BURGLARY,2026-12,188,146,163.0
Newham,DRUG OFFENCES,2026-12,295,261,275.0
Newham,MISCELLANEOUS CRIMES AGAINST SOCIETY,2026-12,52,49,50.0
Newham,POSSESSION OF WEAPONS,2026-12,45,22,31.0
Newham,PUBLIC ORDER OFFENCES,2026-12,165,147,154.0
Newham,ROBBERY,2026-12,154,150,152.0
Newham,SEXUAL OFFENCES,2026-12,86,88,87.0
Newham,THEFT,2026-12,1068,1093,1083.0
Newham,VEHICLE OFFENCES,2026-12,475,423,444.0
Newham,VIOLENCE AGAINST THE PERSON,2026-12,982,880,921.0
Redbridge,ARSON AND CRIMINAL DAMAGE,2026-12,119,119,119.0
Redbridge,BURGLARY,2026-12,103,115,110.0
Redbridge,DRUG OFFENCES,2026-12,112,96,102.0
Redbridge,MISCELLANEOUS CRIMES AGAINST SOCIETY,2026-12,35,37,36.0
Redbridge,POSSESSION OF WEAPONS,2026-12,16,23,20.0
Redbridge,PUBLIC ORDER OFFENCES,2026-12,123,113,117.0
Redbridge,ROBBERY,2026-12,53,70,63.0
Redbridge,SEXUAL OFFENCES,2026-12,58,70,65.0
Redbridge,THEFT,2026-12,521,536,530.0
Redbridge,VEHICLE OFFENCES,2026-12,219,219,219.0
Redbridge,VIOLENCE AGAINST THE PERSON,2026-12,752,684,711.0
Richmond upon Thames,ARSON AND CRIMINAL DAMAGE,2026-12,51,84,71.0
Richmond upon Thames,BURGLARY,2026-12,31,47,41.0
Richmond upon Thames,DRUG OFFENCES,2026-12,15,25,21.0
Richmond upon Thames,MISCELLANEOUS CRIMES AGAINST SOCIETY,2026-12,15,10,12.0
Richmond upon Thames,POSSESSION OF WEAPONS,2026-12,3,6,5.0
Richmond upon Thames,PUBLIC ORDER OFFENCES,2026-12,56,76,68.0
Richmond upon Thames,ROBBERY,2026-12,5,14,10.0
Richmond upon Thames,SEXUAL OFFENCES,2026-12,27,18,22.0
Richmond upon Thames,THEFT,2026-12,220,224,222.0
Richmond upon Thames,VEHICLE OFFENCES,2026-12,107,108,108.0
Richmond upon Thames,VIOLENCE AGAINST THE PERSON,2026-12,321,267,289.0
Southwark,ARSON AND CRIMINAL DAMAGE,2026-12,196,159,174.0
Southwark,BURGLARY,2026-12,214,214,214.0
Southwark,DRUG OFFENCES,2026-12,190,147,164.0
Southwark,MISCELLANEOUS CRIMES AGAINST SOCIETY,2026-12,31,26,28.0
Southwark,POSSESSION OF WEAPONS,2026-12,44,26,33.0
Southwark,PUBLIC ORDER OFFENCES,2026-12,181,158,167.0
Southwark,ROBBERY,2026-12,176,175,175.0
Southwark,SEXUAL OFFENCES,2026-12,73,80,77.0
Southwark,THEFT,2026-12,1505,1348,1411.0
Southwark,VEHICLE OFFENCES,2026-12,189,168,176.0
Southwark,VIOLENCE AGAINST THE PERSON,2026-12,830,714,760.0
Sutton,ARSON AND CRIMINAL DAMAGE,2026-12,82,71,75.0
Sutton,BURGLARY,2026-12,60,68,65.0
Sutton,DRUG OFFENCES,2026-12,48,57,53.0
Sutton,MISCELLANEOUS CRIMES AGAINST SOCIETY,2026-12,21,18,19.0
Sutton,POSSESSION OF WEAPONS,2026-12,8,10,9.0
Sutton,PUBLIC ORDER OFFENCES,2026-12,109,90,98.0
Sutton,ROBBERY,2026-12,25,14,18.0
Sutton,SEXUAL OFFENCES,2026-12,51,31,39.0
Sutton,THEFT,2026-12,206,201,203.0
Sutton,VEHICLE OFFENCES,2026-12,102,93,97.0
Sutton,VIOLENCE AGAINST THE PERSON,2026-12,423,347,377.0
Tower Hamlets,ARSON AND CRIMINAL DAMAGE,2026-12,181,166,172.0
Tower Hamlets,BURGLARY,2026-12,269,211,234.0
Tower Hamlets,DRUG OFFENCES,2026-12,165,243,212.0
Tower Hamlets,MISCELLANEOUS CRIMES AGAINST SOCIETY,2026-12,44,34,38.0
Tower Hamlets,POSSESSION OF WEAPONS,2026-12,36,29,32.0
Tower Hamlets,PUBLIC ORDER OFFENCES,2026-12,201,199,200.0
Tower Hamlets,ROBBERY,2026-12,113,103,107.0
Tower Hamlets,SEXUAL OFFENCES,2026-12,99,103,101.0
Tower Hamlets,THEFT,2026-12,1025,934,970.0
Tower Hamlets,VEHICLE OFFENCES,2026-12,185,197,192.0
Tower Hamlets,VIOLENCE AGAINST THE PERSON,2026-12,964,850,896.0
Waltham Forest,ARSON AND CRIMINAL DAMAGE,2026-12,119,120,120.0
Waltham Forest,BURGLARY,2026-12,98,120,111.0
Waltham Forest,DRUG OFFENCES,2026-12,131,155,145.0
Waltham Forest,MISCELLANEOUS CRIMES AGAINST SOCIETY,2026-12,30,26,28.0
Waltham Forest,POSSESSION OF WEAPONS,2026-12,24,19,21.0
Waltham Forest,PUBLIC ORDER OFFENCES,2026-12,101,121,113.0
Waltham Forest,ROBBERY,2026-12,54,65,61.0
Waltham Forest,SEXUAL OFFENCES,2026-12,68,50,57.0
Waltham Forest,THEFT,2026-12,452,520,493.0
Waltham Forest,VEHICLE OFFENCES,2026-12,177,191,185.0
Waltham Forest,VIOLENCE AGAINST THE PERSON,2026-12,615,504,548.0
Wandsworth,ARSON AND CRIMINAL DAMAGE,2026-12,135,122,127.0
Wandsworth,BURGLARY,2026-12,135,142,139.0
Wandsworth,DRUG OFFENCES,2026-12,124,94,106.0
Wandsworth,MISCELLANEOUS CRIMES AGAINST SOCIETY,2026-12,23,24,24.0
Wandsworth,POSSESSION OF WEAPONS,2026-12,25,18,21.0
Wandsworth,PUBLIC ORDER OFFENCES,2026-12,140,145,143.0
Wandsworth,ROBBERY,2026-12,67,56,60.0
Wandsworth,SEXUAL OFFENCES,2026-12,66,70,68.0
Wandsworth,THEFT,2026-12,566,581,575.0
Wandsworth,VEHICLE OFFENCES,2026-12,143,226,193.0
Wandsworth,VIOLENCE AGAINST THE PERSON,2026-12,624,597,608.0
Westminster,ARSON AND CRIMINAL DAMAGE,2026-12,199,183,189.0
Westminster,BURGLARY,2026-12,201,225,215.0
Westminster,DRUG OFFENCES,2026-12,216,231,225.0
Westminster,MISCELLANEOUS CRIMES AGAINST SOCIETY,2026-12,55,37,44.0
Westminster,POSSESSION OF WEAPONS,2026-12,47,34,39.0
Westminster,PUBLIC ORDER OFFENCES,2026-12,313,297,303.0
Westminster,ROBBERY,2026-12,225,290,264.0
Westminster,SEXUAL OFFENCES,2026-12,135,145,141.0
Westminster,THEFT,2026-12,4445,4952,4749.0
Westminster,VEHICLE OFFENCES,2026-12,189,250,226.0
Westminster,VIOLENCE AGAINST THE PERSON,2026-12,996,965,977.0
